prenom,sex
Bryson,Male
Valeriy,Male
Clarence,Male
Luigi,Male
Chetan,Male
JÃ¶rg,Male
KÅç,Male
Keon,Male
Moe,Male
Maurizio,Male
Gaspard,Male
Michael,Male
Clinton,Male
Jasper,Male
Pekka,Male
Ilya,Male
Eustace,Male
RubÃ©n,Male
Dereck,Male
IstvÃ¡n,Male
Ward,Male
Paolo,Male
Gianluca,Male
Midget,Male
Humphrey,Male
Keni,Male
Ja'far,Male
Franz,Male
Imanol,Male
Ellis,Male
Ned,Male
CÃ©lestine,Male
Greyson,Male
Wallace,Male
Kailash,Male
Arnd,Male
Sandon,Male
Lemanski,Male
Zeke,Male
Ptolemy,Male
Jefferson,Male
Gustavo,Male
Amarillo,Male
Reynaldo,Male
Vijay,Male
Tonino,Male
Unni,Male
Nolan,Male
Jerrod,Male
Ingvar,Male
Sarge,Male
Lam,Male
Netjerkare,Male
Merrill,Male
Osman,Male
Leonard,Male
Shoshenq,Male
Ahmad,Male
Archibald,Male
W,Male
Berthold,Male
Gerry,Male
Willy,Male
Scot,Male
Harold,Male
Penthu,Male
Stelios,Male
EugÃ¨ne,Male
Alireza,Male
C,Male
Bolek,Male
Dominick,Male
Harrison,Male
Lars-Erik,Male
Kamau,Male
Merenhor,Male
Ageel,Male
Ezra,Male
Jerome,Male
FranÃ§ois,Male
Kelvin,Male
Timos,Male
DeVone,Male
Kent,Male
Pablo,Male
Jazzmun,Male
Sangtar,Male
Horace,Male
Bo,Male
Ronn,Male
Oula,Male
Billy,Male
Eugene,Male
Ardant,Male
Johann,Male
Eliezer,Male
Nobuo,Male
Dalton,Male
Pratap,Male
Darren,Male
Josh,Male
Dayton,Male
Yaakov,Male
Frank,Male
Marcin,Male
Javin,Male
Alfred,Male
Wilfredo,Male
Olivier,Male
IvÃ¡n,Male
Hugh,Male
Hereward,Male
Nazeel,Male
Sunny,Male
Goh,Male
Ghulam,Male
Elfyn,Male
Calibre,Male
Shelton,Male
Cole,Male
Reuben,Male
Georgi,Male
Marquis,Male
Lucan,Male
CornÃ©,Male
Stephen,Male
Preston,Male
Tsutomu,Male
Adolf,Male
Glover,Male
Alister,Male
Cambyse,Male
Bill,Male
Tuffy,Male
Silvio,Male
T,Male
Leonhard,Male
Ã‰ric,Male
Haider,Male
Ndamukong,Male
Larry,Male
Irwin,Male
Joey,Male
Takahiro,Male
Wally,Male
Elisha,Male
Yehoshua,Male
Emanuele,Male
Helmut,Male
Shinichi,Male
Albrecht,Male
Abu,Male
Sherwin,Male
J,Male
Moustafa,Male
Brendon,Male
Konstantin,Male
ZoltÃ¡n,Male
Yair,Male
David,Male
Roslin,Male
Å_eljko,Male
Nabil,Male
Caiseal,Male
Kahlil,Male
Uhuru,Male
Jelon,Male
GermÃ¡n,Male
Great,Male
Craig,Male
Chiaki,Male
Luis,Male
Marty,Male
Kenzie,Male
Nikare,Male
Ashok,Male
Donnell,Male
Mutz,Male
Carmi,Male
Junpei,Male
Samson,Male
Salvador,Male
Giff,Male
Frew,Male
Gregory,Male
Salim,Male
Wink,Male
Raman,Male
Alistair,Male
Trevor,Male
Reggie,Male
Anthony,Male
ThÃ©ophile,Male
JÃ©rÃ©mie,Male
Nando,Male
Seeley,Male
Oleksiy,Male
Juan-MartÃ_n,Male
Gaston,Male
Mathieu,Male
Takuya,Male
Denys,Male
Steve,Male
Alessandro,Male
Nepherites,Male
Ell,Male
Krist,Male
Lamar,Male
Kid,Male
Gervase,Male
GÃ©rald,Male
Julieon,Male
Ocie,Male
Demetrious,Male
Demis,Male
Rajit,Male
Norton,Male
Jozef,Male
Halli,Male
Plotinus,Male
Kane,Male
Nissim,Male
Achraf,Male
Don,Male
Kurtis,Male
Christoph,Male
Ge,Male
Antwone,Male
Anders,Male
Elliot,Male
Camilo,Male
Denver,Male
Robert,Male
Marat,Male
Gordon,Male
L,Male
Addison,Male
Filip,Male
Ziaulhaq,Male
Alexei,Male
Miks,Male
Johndale,Male
Lionel,Male
Jacinto,Male
Baissama,Male
Tyrone,Male
Akbar,Male
Wim,Male
Malek,Male
Santo,Male
Oliver,Male
Daisuke,Male
Budge,Male
James,Male
Mojsije,Male
Habersham,Male
Sigit,Male
Hans-Thilo,Male
Marquay,Male
Narasimha,Male
Sundaram,Male
Miss,Male
Ulrich,Male
Lyon,Male
Colm,Male
Kazuchika,Male
Soori,Male
Har,Male
Mohammed,Male
Edward,Male
Earl,Male
Alain,Male
Jimmy,Male
Jarius,Male
Gus,Male
Gerald,Male
Terrence,Male
Theodore,Male
Sean,Male
Charles-Gaspard,Male
Dirch,Male
Burnie,Male
Alexy,Male
Chester,Male
Iain,Male
Daryl,Male
Lucian,Male
Muktha,Male
Jacque,Male
Stanner,Male
Mario,Male
Donghua,Male
Chesley,Male
Lorenzo,Male
Delvin,Male
Vince,Male
Oceanus,Male
Balint,Male
Khemchand,Male
Aleksandar,Male
Raffaele,Male
Graydon,Male
Gemini,Male
NicolÃ¡s,Male
Wynand,Male
Miikka,Male
Pim,Male
Verner,Male
Antal,Male
Akhrik,Male
Liam,Male
Wayne,Male
Maximilien,Male
Xie,Male
Torleif,Male
Giuliano,Male
Caleb,Male
Juliusz,Male
Pauli,Male
Jay,Male
Mark,Male
Clifford,Male
Raul,Male
Artimus,Male
Chad,Male
Bruce,Male
Jorge,Male
Arnau,Male
Curran,Male
Glen,Male
Simon,Male
Salomon,Male
Rich,Male
Ignacy,Male
Buddhadeb,Male
FrÃ©dÃ©ric,Male
Challace,Male
Arman,Male
Plenty,Male
Kajetan,Male
Hubert,Male
Pentti,Male
Shiro,Male
Sandhurst,Male
Ron,Male
Leidulv,Male
Rajiv,Male
Orian,Male
Uche,Male
Eum,Male
Raju,Male
Everett,Male
Arvid,Male
Francis,Male
Julius,Male
Nova,Male
Lucious,Male
Danny,Male
Rian,Male
EtiÃ«nne,Male
Pinball,Male
Nagendra,Male
Blue,Male
Piero,Male
Odane,Male
Big,Male
Heikki,Male
Red,Male
Dinny,Male
MichaÃ«l,Male
Hannes,Male
Echendu,Male
Hon'inbÅç,Male
Iufni,Male
SÃ©bastien,Male
Roland,Male
Jari,Male
Sebastian,Male
Dean,Male
Adnan,Male
Tray,Male
Yitzhak,Male
Chipper,Male
Raleigh,Male
AgustÃ_n,Male
Ã€lex,Male
Anen,Male
Kirill,Male
Eaton,Male
Henri,Male
Joby,Male
Cash,Male
Robledo,Male
Tydus,Male
Palmer,Male
Halvar,Male
Wayland,Male
She'ar,Male
Musab,Male
Cui,Male
Albert,Male
Vladislav,Male
Jon,Male
Barry,Male
Mamoru,Male
Tote,Male
Keshavrao,Male
Dmitry,Male
Achmed,Male
Caesar,Male
Willie,Male
Douglas,Male
Julio,Male
Sepp,Male
Achim,Male
Giuseppe,Male
Chevis,Male
Myron,Male
Bogdan,Male
RamÃ_n,Male
Brock,Male
Collin,Male
Jannie,Male
Dwight,Male
Cullen,Male
Josiah,Male
Alexander,Male
Samiullah,Male
Petar,Male
Supanara,Male
Reginald,Male
Everette,Male
Dane,Male
Dennis,Male
Akin,Male
Mihai,Male
KlÃ©berson,Male
Herschel,Male
Fran,Male
Neferkaure,Male
CÃ©dric,Male
Ovadia,Male
Sjur,Male
Amenemhet,Male
Sosuke,Male
Corvey,Male
Kendrick,Male
Juanito,Male
Jabara,Male
Yin,Male
Lanford,Male
Daniel,Male
Monthon,Male
HaÃ¯lÃ©,Male
Nasrdin,Male
Pedanius,Male
Brandon,Male
Renardo,Male
Boomer,Male
Foo,Male
Yee,Male
JÃ¡n,Male
Wonny,Male
Franjo,Male
Donnie,Male
Marv,Male
Rand,Male
MWF,Male
Dik,Male
Al-Masudi,Male
Adel,Male
Jerry,Male
Alvent,Male
Malachy,Male
Bear,Male
Stephan,Male
Clay,Male
Medgar,Male
Hugo,Male
Al-Dimashqi,Male
Merle,Male
Fazel,Male
Rick,Male
Warren,Male
Vassil,Male
Marcel,Male
Miroslav,Male
Augustus,Male
Tommy,Male
Knut,Male
Des,Male
Jeshua,Male
Alphonso,Male
Herihor,Male
Siegfried,Male
Lonyae,Male
Lamberto,Male
Even,Male
Eric,Male
Hans,Male
Sharif,Male
Joachim,Male
Vitaly,Male
Fulvio,Male
RyÅ«nosuke,Male
Amos,Male
J-H,Male
Edawn,Male
Khan,Male
Houston,Male
Calais,Male
Arshad,Male
DÃ©nes,Male
Joji,Male
Suetonius,Male
Othmar,Male
Erik,Male
Heraclio,Male
Salih,Male
Dermot,Male
Gerhard,Male
Jeremias,Male
Royston,Male
Abel,Male
Rafe,Male
Janne,Male
Teddy,Male
Jandek,Male
Jonas,Male
Jean-Paul,Male
Jaan,Male
Sajan,Male
Kemel,Male
Gennady,Male
Ignazio,Male
Bud,Male
Miguel,Male
Trestin,Male
Ã‰mile,Male
Luc,Male
Andra,Male
GÅç,Male
Corby,Male
Freeman,Male
Naohito,Male
RenÃ©,Male
Henry,Male
Muhammad,Male
Pernell,Male
Black,Male
Dasari,Male
Yousef,Male
Zhuge,Male
FrÃ©dÃ©rik,Male
Blake,Male
Gerris,Male
Clancy,Male
Branko,Male
Van,Male
Ignatius,Male
Parker,Male
DaJuan,Male
Lourens,Male
Mereruka,Male
Georg,Male
Possum,Male
Suu,Male
FayÃ§al,Male
Jarrett,Male
Rodrigo,Male
Dag,Male
Eleazar,Male
Lockwood,Male
Artur,Male
Segundo,Male
Peyton,Male
Edwin,Male
Jamaine,Male
Bahram,Male
B,Male
Cheick,Male
Loaird,Male
Tonko,Male
Hussein,Male
JiÅ™Ã_,Male
Demosthenes,Male
Roberto,Male
Volkan,Male
Clyde,Male
Jun,Male
Toshiyuki,Male
Kjetil,Male
Guyon,Male
Father,Male
Rolly,Male
Propertius,Male
Freddy,Male
Weneg,Male
Willis,Male
Parnell,Male
Simcha,Male
Jermey,Male
Philippe,Male
Ditch,Male
Yank,Male
Anouar,Male
Moss,Male
Sulayman,Male
Serhiy,Male
Kaulana,Male
Prince,Male
Piao,Male
Filips,Male
Vic,Male
Quintus,Male
Doof,Male
Little,Male
Poompat,Male
Nagor,Male
Lamont,Male
Marlon,Male
Forest,Male
Marshall,Male
Akhtar,Male
Chauncey,Male
Marque,Male
Ilija,Male
Yasumi,Male
MartÃ_n,Male
Mattias,Male
Antoine,Male
FranÃ§ois-RenÃ©,Male
Pasquale,Male
Wil,Male
Spencer,Male
Zachary,Male
Frigyes,Male
Karl,Male
ÅÅukasz,Male
Edmond,Male
AntÃ_nio,Male
Waheed,Male
Radek,Male
Matti,Male
Bucky,Male
Bob,Male
Damon,Male
Eugen,Male
Jacques,Male
Leander,Male
Cedrick,Male
Dwarakish,Male
Anatoliy,Male
Johan,Male
Charles,Male
Hunter,Male
Jean-Claude,Male
Thibault,Male
Jammie,Male
Djer,Male
Sandro,Male
Tad,Male
Obea,Male
Futabatei,Male
Qais,Male
Worthy,Male
MoliÃ¨re,Male
Arthur,Male
Fouad,Male
Oly,Male
Khalid,Male
Cedeno,Male
Rostislav,Male
Milt,Male
Shimon,Male
Jeff,Male
Carlos,Male
Neterkheperre,Male
Conner,Male
Ranvir,Male
Henoc,Male
BjÃ¶rn,Male
Hardie,Male
Eduard,Male
Jaroslav,Male
Ahmed,Male
Graham,Male
Bu,Male
Chief,Male
Pelle,Male
Armegis,Male
Erich,Male
Alexandr,Male
Selig,Male
Brad,Male
Ziying,Male
Anton,Male
Jashon,Male
Kenneth,Male
Dimitri,Male
AimÃ©,Male
Brannon,Male
Kaarle,Male
Akshat,Male
Carey,Male
Abdullah,Male
GÃ_nter,Male
Steele,Male
Ludwig,Male
Jehuu,Male
Jean-EugÃ¨ne,Male
Torben,Male
Lowell,Male
Mordecai,Male
Nate,Male
Vincent,Male
Hank,Male
Alpheus,Male
Delma,Male
Adolfo,Male
Jhulelal,Male
Song,Male
Kyries,Male
Ahmed-Hasan,Male
Wayman,Male
Cesare,Male
Rodolfo,Male
Ash,Male
Russ,Male
Vyto,Male
Felipe,Male
Booth,Male
Allan,Male
Yun,Male
Barret,Male
Somdev,Male
Cleveland,Male
Gedeon,Male
Lame,Male
Jakub,Male
Cayetano,Male
Franciszek,Male
Odell,Male
Abdulrahman,Male
Wyre,Male
Ivan,Male
Luluk,Male
AmÃ©dÃ©e,Male
Auto,Male
Ramaz,Male
Christoforos,Male
Sonny,Male
Onterio,Male
Desmond,Male
Tyla,Male
Duke,Male
Raphael,Male
FÃ©lix,Male
Gilberto,Male
Teng,Male
Randall,Male
Airabin,Male
Anatoly,Male
Eliyahu,Male
Katsuhito,Male
Aleksei,Male
Burl,Male
Hans-Josef,Male
Jonathan,Male
Mehdi,Male
Ade,Male
Ernie,Male
Wesley,Male
NaVorro,Male
Gil,Male
Babatunde,Male
Giraud,Male
Takatoshi,Male
Ä_ubomÃ_r,Male
Gergely,Male
Gilles,Male
Atma,Male
Josef,Male
Sergei,Male
Emilio,Male
Jared,Male
Niko,Male
Ã‰dgar,Male
Tetsuji,Male
Drago,Male
Cliff,Male
Miljan,Male
Nerikare,Male
Meat,Male
Gino,Male
Onyeka,Male
Gene,Male
Javed,Male
Kareem,Male
Aaron,Male
Brooks,Male
Tuomas,Male
Cabeza,Male
Viktor,Male
MÃ_r,Male
Price,Male
Stuart,Male
Doug,Male
Ellsworth,Male
Giovanni,Male
Markee,Male
Leon,Male
Marcellin,Male
Nathan,Male
Len,Male
Alejandro,Male
Gyearbuor,Male
Molla,Male
Vernon,Male
Zabid,Male
Bion,Male
Aurelio,Male
Vidkid,Male
Ato,Male
BouchaÃ¯b,Male
Armand,Male
Vitruvius,Male
Carson,Male
Carmelo,Male
Neil,Male
Ike,Male
Dewald,Male
Yannick,Male
Abdul,Male
Dom,Male
Sol,Male
Plamen,Male
Austin,Male
Armando,Male
Niall,Male
Yuan,Male
Gavriel,Male
Willem,Male
Crawford,Male
BjÃ¸rn,Male
Boydson,Male
Patrik,Male
Juanma,Male
Srinath,Male
Guido,Male
Cleve,Male
Jarriett,Male
Savieri,Male
Eial,Male
Yevhen,Male
Diamond,Male
Zander,Male
Alonzo,Male
Rubin,Male
Asaph,Male
Sergio,Male
Christiaan,Male
Percival,Male
40,Male
Shekhar,Male
Hisonni,Male
Melville,Male
Arash,Male
Thaha,Male
Bradley,Male
Denard,Male
Qi,Male
Silenus,Male
Arian,Male
Rockmond,Male
RaÃºl,Male
Simeon,Male
Ross,Male
Borna,Male
Bernal,Male
Tuvia,Male
Ra'Shon,Male
Marek,Male
Mychal,Male
Solar,Male
Blaine,Male
Neferkahor,Male
Zebedayo,Male
Manish,Male
Errol,Male
Fredrik,Male
Cansel,Male
Rod,Male
Rico,Male
Christian,Male
Julen,Male
Marius,Male
Hennadiy,Male
Terrell,Male
Pascal,Male
Lukas,Male
SÅçjin,Male
R,Male
JÃ¶rn,Male
Inayat,Male
JindÅ™ich,Male
Ramsay,Male
Grover,Male
Amar,Male
Fred,Male
Jarl,Male
Eduardo,Male
Vladimir,Male
Bart,Male
Hutchins,Male
Morten,Male
Timmy,Male
Mose,Male
Ace,Male
Masuji,Male
Derrell,Male
Sherrick,Male
Ray,Male
Pieter,Male
Hotepsekhemwy,Male
Izak,Male
Mikael,Male
Jermaine,Male
Darrel,Male
Dodo,Male
Yan,Male
Paco,Male
Evans,Male
Nekauba,Male
Chip,Male
Giacomo,Male
Psammuthes,Male
Tetsu,Male
Pierre-Hugues,Male
Dick,Male
Tsai,Male
Kei,Male
Emad,Male
Fredric,Male
Hugues,Male
Pami,Male
Khamudi,Male
Vern,Male
Tri,Male
Hector,Male
Gara,Male
Hassan,Male
Yassine,Male
Duane,Male
Andreas,Male
Louis-Georges,Male
SebastiÃ¡n,Male
Mauricio,Male
Cornelis,Male
Earle,Male
Gilson,Male
Abe,Male
Gershon,Male
Justus,Male
Nick,Male
Dominic,Male
Joaquin,Male
VebjÃ¸rn,Male
Grega,Male
Osvaldo,Male
Guan,Male
Nelson,Male
Glenn,Male
Stefano,Male
Ronald,Male
Francisco,Male
Ion,Male
Cory,Male
Sammie,Male
Nigel,Male
Sylvan,Male
Nectanebo,Male
Elliott,Male
Mil'Von,Male
Marne,Male
Sophus,Male
Bayard,Male
Sri,Male
Dornford,Male
Winston,Male
Todd,Male
Koi,Male
Luca,Male
Forry,Male
Lewis,Male
Ar-pi-uck-i,Male
Christoffel,Male
YÃ©mi,Male
Vardan,Male
Sven,Male
Atoy,Male
Jules,Male
Krister,Male
Henrik,Male
Markiplier,Male
Greg,Male
Pavlo,Male
Teruo,Male
Perkin,Male
Ernest,Male
Antoni,Male
Mack,Male
Constantin,Male
Emanuel,Male
Felton,Male
Osamu,Male
Hamdan,Male
Sidney,Male
Acelino,Male
Ub,Male
Walt,Male
Wyndham,Male
Mohd,Male
Golden,Male
Ruggero,Male
BjÃ¸rnstjerne,Male
Ivory,Male
Kez,Male
Jerrold,Male
Frederic,Male
Cassian,Male
Ridgwell,Male
Hargrave,Male
Giandomenico,Male
Archie,Male
Damion,Male
Wane,Male
Jerraud,Male
Timothy,Male
Mansel,Male
Norm,Male
Chieh,Male
FranÃ§ois-Joseph,Male
MichaÅ‚,Male
Claus,Male
Howie,Male
Blair,Male
Seheqenre,Male
Lambert,Male
JesÃºs,Male
Alani,Male
Hiroshi,Male
Slobodan,Male
Braulio,Male
Mel,Male
Quinn,Male
Maurice,Male
Alby,Male
Harvey,Male
Dialleo,Male
Wilbraham,Male
Raffaello,Male
Samuel,Male
Kalle,Male
Von,Male
Dashon,Male
Angus,Male
Kees,Male
Jukka,Male
Travers,Male
Baron,Male
Bernardino,Male
Ziad,Male
Tzvi,Male
Project,Male
Joseph,Male
Lenny,Male
Suraj,Male
Mitsuru,Male
Gregg,Male
Bertram,Male
Shinji,Male
Roni,Male
Quentin,Male
Vincenzo,Male
Swami,Male
Brainerd,Male
Clem,Male
Wilfred,Male
Matt,Male
Sinclair,Male
Kazimierz,Male
Alton,Male
Ford,Male
William,Male
Adrian,Male
Grubby,Male
Kenji,Male
Leyan,Male
KenzÅç,Male
Yoshinori,Male
Kendell,Male
Jairus,Male
Jerron,Male
Crandell,Male
Apostolos,Male
Danniel,Male
Arturo,Male
Woody,Male
Basilio,Male
Donald,Male
Kit,Male
Pete,Male
Moshe,Male
Jaynen,Male
Prosper,Male
Jonal,Male
Octavius,Male
Jake,Male
Quinten,Male
Steven,Male
Amel,Male
Wolfgang,Male
Jan-Lennard,Male
Minoru,Male
Bent,Male
Stu,Male
TamÃ¡s,Male
Nu:Tone,Male
Sione,Male
Howell,Male
Titof,Male
Paavo,Male
Santeri,Male
Geminiano,Male
Sehetepibre,Male
Franc,Male
Marcus,Male
Chaitanya,Male
HÃ©ctor,Male
Elihu,Male
Roosevelt,Male
Matteo,Male
Imad,Male
Guillermo,Male
M,Male
Pavel,Male
Robby,Male
Benny,Male
Sigurd,Male
Matej,Male
Ludovico,Male
Gary,Male
Malcolm,Male
Petr,Male
Oratam,Male
Moritz,Male
Vladislavs,Male
Yevgeny,Male
Lew,Male
Ovidiu,Male
Esera,Male
Dave,Male
Jean-Baptiste,Male
Georges,Male
Jahi,Male
OndÅ™ej,Male
Petter,Male
Tadashi,Male
LÃ¡szlÃ_,Male
Melik,Male
Dorsett,Male
Jermelle,Male
Jy,Male
Konrad,Male
Guy,Male
Jens,Male
Lyneal,Male
HervÃ©,Male
Aldis,Male
Tonico,Male
Connop,Male
Hazrat,Male
Neal,Male
Vito,Male
Bivian,Male
Rudy,Male
Derek,Male
Takashi,Male
Kacper,Male
Gib,Male
ChÅ«sei,Male
HP,Male
JaMarcus,Male
SÃ©amus,Male
Djedkheperew,Male
Adolph,Male
Yusuf,Male
Jomo,Male
Shaheed,Male
UroÅ¡,Male
Mickey,Male
Jamal,Male
Lance,Male
Perneb,Male
Garrick,Male
CristÃ_bal,Male
Wilfrid,Male
Goran,Male
Devin,Male
Diego,Male
Setnakhte,Male
Eltoro,Male
Jonjo,Male
Saeed,Male
Claudio,Male
Garrett,Male
Mitchell,Male
Jayam,Male
Pope,Male
Conrad,Male
Michal,Male
Darryl,Male
Sterling,Male
Sheldon,Male
LaKendrick,Male
Garvie,Male
Cooney,Male
Paul,Male
V,Male
Markel,Male
Stanley,Male
Arkan,Male
MÃ¡ximo,Male
Skyler,Male
BlaÅ_,Male
Infante,Male
Eray,Male
Ruud,Male
Johnnie,Male
Harald,Male
Perry,Male
Dallas,Male
Albie,Male
PÃ©tur,Male
Erron,Male
Shonn,Male
Dimitrij,Male
Law,Male
Damer,Male
Mac,Male
Washington,Male
Snowball,Male
Jean-FranÃ§ois,Male
ÃçÃ±igo,Male
Gavin,Male
Ropati,Male
Tee,Male
Romain,Male
Manning,Male
Eddy,Male
Sir,Male
Pellom,Male
Sima,Male
Sherif,Male
Vinnie,Male
Arno,Male
Charley,Male
Irving,Male
Rudolf,Male
Gustav,Male
Martin,Male
Virgil,Male
Harish,Male
Daryle,Male
DulÃ©,Male
Walker,Male
Clive,Male
Ehud,Male
Vittorio,Male
Pierre,Male
Isaiah,Male
Wingfield,Male
Umberto,Male
Christopher,Male
Sharkey,Male
Mehmed,Male
Fei,Male
Maxie,Male
AndrÃ©,Male
Jeroen,Male
Travis,Male
Javid,Male
Smedley,Male
DÅ±rrÅ©,Male
Peregrin,Male
Horst,Male
Abdulla,Male
Jaimie,Male
Jan-Michael,Male
Vontae,Male
Yoshikazu,Male
Frontinus,Male
Michiel,Male
Evangelos,Male
Edgars,Male
Bryan,Male
Gord,Male
Charles-Edward,Male
Dietmar,Male
Abram,Male
Pietro,Male
Amaro,Male
Gouichi,Male
KÄÅrlis,Male
Burton,Male
Jamarko,Male
Geoff,Male
Louis,Male
Mike,Male
Timur,Male
Pago,Male
Jacky,Male
Chaim,Male
Belchior,Male
Scott,Male
Keita,Male
Tommie,Male
Francesco,Male
Masaichi,Male
Evan,Male
Piri,Male
Abubakar,Male
Janez,Male
14th,Male
StÃ©phane,Male
Guillaume,Male
Shaike,Male
Jesse,Male
Oskar,Male
Shawn,Male
Julian,Male
Bernard,Male
Ben,Male
Hamilton,Male
Martti,Male
TomÃ¡Å¡,Male
Bode,Male
Alberto,Male
Pedro,Male
Johannes,Male
Deac,Male
Barney,Male
Mick,Male
Jeeva,Male
P,Male
Smith,Male
Babe,Male
Nimesh,Male
Ramon,Male
Tate,Male
Aditya,Male
Mistral,Male
Kermit,Male
Byron,Male
Prechae,Male
Sankardev,Male
Maynard,Male
Arvin,Male
Derrick,Male
Humberto,Male
GyÃ¶rgy,Male
Markus,Male
Joost,Male
Calvin,Male
Salvatore,Male
Samm-Art,Male
Buck,Male
Les,Male
Pipi,Male
Wallis,Male
Ã_orfinnur,Male
Darrell,Male
Adam,Male
Theophilus,Male
H,Male
Jacek,Male
Zac,Male
Davone,Male
Sathyan,Male
Al-Waqidi,Male
Gottfried,Male
Sergey,Male
Denison,Male
Charle,Male
Maury,Male
KRiMZ,Male
Kostas,Male
Andrzej,Male
Anthonij,Male
Richard,Male
Irv,Male
Oscar,Male
Darron,Male
Fuat,Male
Jamarca,Male
Bryce,Male
Hayward,Male
Ruzatullah,Male
Ib,Male
Kirby,Male
Webley,Male
Daigo,Male
Qa'a,Male
JÃ_rgen,Male
Chiranjeevi,Male
Tom,Male
Lennie,Male
Del,Male
Miralem,Male
Buster,Male
Djedkare,Male
Shiamak,Male
Stig,Male
Yoshi,Male
Takao,Male
Darcel,Male
NÃ©stor,Male
Juan,Male
Marnicq,Male
KÅçji,Male
Clemens,Male
Kenyon,Male
Montague,Male
Huda,Male
Yoann,Male
Luke,Male
Pere,Male
Valerio,Male
Nachman,Male
Leonel,Male
Kevin,Male
Kimio,Male
Hastings,Male
Spenser,Male
Emil,Male
Per,Male
Bronzell,Male
Kristopher,Male
Vasilios,Male
VladimÃ_r,Male
Federico,Male
Shaun,Male
Karel,Male
Atsushi,Male
Aryeh,Male
Vikram,Male
Matthias,Male
Ernesto,Male
Andrew,Male
Jyrki,Male
Elias,Male
Patrick,Male
Fabrizio,Male
Abraham,Male
Goldie,Male
Ralph,Male
Brice,Male
Hal,Male
Lyndon,Male
Poigai,Male
LukÃ¡Å¡,Male
Ira,Male
Hagood,Male
Anwar,Male
Alfredo,Male
Shuzo,Male
Jadel,Male
Tutankhamun,Male
Tukaram,Male
Mosa,Male
Moses,Male
Werner,Male
Jeannot,Male
Geno,Male
BolesÅ‚aw,Male
Herb,Male
Tana,Male
Emeka,Male
Dragutin,Male
Junzo,Male
Gervasio,Male
LaRod,Male
Ephraim,Male
Justin,Male
Santhanam,Male
Yuya,Male
Al-Jaá_£á_£ÄÅs,Male
Nikhil,Male
Dinty,Male
Graeme,Male
Marcelo,Male
Egon,Male
Omar,Male
Horia,Male
Mauro,Male
Luiz,Male
Sivananda,Male
Barrick,Male
Spider,Male
Judah,Male
Ricky,Male
Chinna,Male
Chase,Male
Garin,Male
Cesar,Male
Shlomo,Male
Cheikh,Male
Milton,Male
Phil,Male
Om,Male
NiÃ±o,Male
Rasmus,Male
Masaki,Male
Cosimo,Male
Hudson,Male
TÃµnis,Male
Marvin,Male
Alexey,Male
Banjo,Male
Apsley,Male
Amo,Male
Melvin,Male
Tane,Male
Erland,Male
Tomasz,Male
Harri,Male
Peter,Male
Ê¿Abd,Male
Hamidullah,Male
A,Male
Ivor,Male
Jimpster,Male
Nikolai,Male
Gilbert,Male
Hubie,Male
Val,Male
Mansour,Male
Seumas,Male
Danai,Male
Hanan,Male
Cauchy,Male
Demaryius,Male
Eon,Male
Karim,Male
Som,Male
Dommie,Male
Edmund,Male
Thanasi,Male
Frantz,Male
Brian,Male
Fish,Male
Cambyses,Male
Hagen,Male
Yong,Male
Kan,Male
Hideo,Male
Russell,Male
Katsuo,Male
Bird,Male
Bastab,Male
Cornelius,Male
Marquies,Male
Merikare,Male
Baldev,Male
Kinsmon,Male
Herman,Male
Andriy,Male
Hjalmar,Male
Josua,Male
Ã‰douard,Male
Faisal,Male
Vasilis,Male
Nat,Male
Elmer,Male
Enda,Male
Tadeusz,Male
Percy,Male
Chew,Male
MÃ¡rio,Male
Joel,Male
Alexandre,Male
RentarÅç,Male
Curtis,Male
Mencius,Male
Dim,Male
Mahesh,Male
Jimmie,Male
Prashant,Male
Stan,Male
LoÃ¯c,Male
Buchie,Male
Kyle,Male
Veijo,Male
F,Male
Jeremy,Male
MiloÅ¡,Male
Jim,Male
Norman,Male
Kendall,Male
Boonsak,Male
Kunio,Male
Haile,Male
Anand,Male
Jochen,Male
Youssef,Male
Pee,Male
Tyson,Male
Gunther,Male
Danell,Male
Ken,Male
Andrae,Male
RogÃ©rio,Male
GÃ¶ran,Male
Bojan,Male
CJ,Male
Milburn,Male
Jock,Male
Francisque,Male
Teos,Male
Romas,Male
JuandrÃ©,Male
Cedric,Male
Quinton,Male
Artie,Male
Jordin,Male
Yogi,Male
Aristide,Male
JamÄÅl,Male
Cyril,Male
VicenÃ§,Male
BenjamÃ_n,Male
Dez,Male
Halvor,Male
Carleton,Male
Gabe,Male
ZdenÄ›k,Male
White,Male
Damian,Male
Keyth,Male
Tal,Male
Alan,Male
Appanoose,Male
Thurston,Male
August,Male
Javier,Male
Neeskens,Male
Grant,Male
Mohamed,Male
Beauden,Male
Yigal,Male
Thomas,Male
Ty,Male
Geoffrey,Male
Terence,Male
Benjamin,Male
Cleophus,Male
Roald,Male
Dre,Male
Cecil,Male
Mikhail,Male
Maximilian,Male
Cierre,Male
Ajmal,Male
Valentin,Male
Orbie,Male
Jeremih,Male
Tobias,Male
Flandy,Male
Facundo,Male
Carter,Male
Meir,Male
Benni,Male
Kurt,Male
Ondrej,Male
S,Male
Burt,Male
Char-ron,Male
Ã“scar,Male
Santiago,Male
Noel,Male
TonÄçi,Male
Nicolas,Male
Obi,Male
Aleksandr,Male
Hermann,Male
Prudentius,Male
Ted,Male
Vasif,Male
Vusal,Male
Yacine,Male
Al,Male
Florin,Male
Ladell,Male
Ferenc,Male
Miles,Male
Elmar,Male
Stanislav,Male
Alok,Male
Spike,Male
MiklÃ_s,Male
Colin,Male
Kenny,Male
PÃ©ter,Male
Freimut,Male
Antony,Male
Wilmer,Male
Ibn,Male
Chet,Male
Ariel,Male
Will,Male
Iakovos,Male
Manmohan,Male
Sulaiman,Male
Dario,Male
Gerard,Male
Cody,Male
Cirilo,Male
Bernardo,Male
Arne,Male
Aliaksandr,Male
Paul-Georges,Male
Gartrell,Male
Harry,Male
Dan,Male
Suman,Male
Sudket,Male
CÃ©sar,Male
Art,Male
Carmine,Male
Noboru,Male
Minister,Male
Andre,Male
O,Male
Nic,Male
LuÃ_s,Male
Joshua,Male
Florian,Male
Kidd,Male
Carl,Male
Baruch,Male
Radu,Male
Maciej,Male
Christophe,Male
Rube,Male
Heinrich,Male
Quan,Male
Flucie,Male
Romit,Male
Girish,Male
Thiago,Male
Dempsey,Male
Gardner,Male
Orlando,Male
Kasim,Male
Wes,Male
Michel,Male
Pedlar,Male
Ott,Male
Teemu,Male
Elazar,Male
Leandro,Male
Ramesh,Male
Pier,Male
Kosuke,Male
Maxwell,Male
Manuel,Male
Malachi,Male
Yamunacharya,Male
Chuck,Male
Jiiva,Male
Shane,Male
Rolf,Male
Lawyer,Male
Ian,Male
Thom,Male
HonorÃ©,Male
Alec,Male
Kirk,Male
Rafael,Male
PR,Male
Franklin,Male
Hurvin,Male
Rob,Male
Lyell,Male
Pleasant,Male
Oleksandr,Male
Tore,Male
Zinzan,Male
Amnon,Male
Deepak,Male
Ibrahim,Male
Sony,Male
Takafumi,Male
Puven,Male
Themistocles,Male
Arnaud,Male
Flechas,Male
Tory,Male
Abu'l-BarakÄÅt,Male
Dominik,Male
Berton,Male
Edoardo,Male
Mikko,Male
JÃ_n,Male
ÃÅlvaro,Male
Lev,Male
Mariano,Male
Malvin,Male
Compton,Male
Moazzam,Male
Sujoy,Male
Fritz,Male
Roy,Male
Eng,Male
Huseyn,Male
Kenn,Male
Severin,Male
Pahemnetjer,Male
Janakananda,Male
Indrek,Male
Emmanuel,Male
Senebkay,Male
Strabo,Male
Horus,Male
Arda,Male
Max,Male
Sacchidananda,Male
Carles,Male
Ricardo,Male
Sahure,Male
Kunal,Male
Roderick,Male
Davide,Male
ClÃ¡udio,Male
Israel,Male
Orion,Male
Marco,Male
Jabari,Male
Yury,Male
Murphy,Male
Hayden,Male
Justice,Male
Ernst,Male
Eliot,Male
Kroy,Male
Angelo,Male
Rex,Male
Ed,Male
Walter,Male
Gwyndaf,Male
Stijn,Male
Richie,Male
Junior,Male
CÃ©lestin,Male
Rodney,Male
Sammy,Male
Donny,Male
Hua,Male
Jun-iti,Male
Hannibal,Male
Forrest,Male
Coleman,Male
Fedor,Male
Zbigniew,Male
Pammal,Male
Chic,Male
Philip,Male
Willard,Male
Tomas,Male
Magnus,Male
Denis,Male
Heinz,Male
Armin,Male
Nicolai,Male
RJ,Male
Akeem,Male
Cy,Male
Victor,Male
Roger,Male
KÅçbÅç,Male
Norb,Male
Olegario,Male
Haskell,Male
Spec,Male
KÅçsuke,Male
Kristian,Male
Lloyd,Male
K,Male
Arkin,Male
Å_iga,Male
Yosef,Male
King,Male
Alphonse,Male
Arnaldo,Male
De'Aundre,Male
Ronnie,Male
Andrei,Male
Marai,Male
Joaquim,Male
Jovan,Male
Armond,Male
Fabian,Male
Kirston,Male
Young,Male
Jacoby,Male
DÃ©mosthÃ¨ne,Male
Owl,Male
Ole,Male
Sherko,Male
Tui,Male
Markku,Male
E,Male
Pierangelo,Male
Bethel,Male
Greedy,Male
Sid,Male
Sewadjkare,Male
Abduwali,Male
Raymond,Male
AndrÃ©-Joseph,Male
Johnny,Male
Paulo,Male
Marcello,Male
Xavier,Male
Joselito,Male
Duraid,Male
Hoss,Male
Distel,Male
Mr,Male
Wade,Male
Kumara,Male
Herbert,Male
Corey,Male
Gareth,Male
Vezio,Male
Felix,Male
Jason,Male
FeniX,Male
Howard,Male
Kraig,Male
Akwasi,Male
Jai,Male
Marinko,Male
O'Neal,Male
Sander,Male
Phillip,Male
Dino,Male
Aqib,Male
Otto,Male
Alvin,Male
Adger,Male
Valentino,Male
Tim,Male
Amobi,Male
Zamir,Male
Giambattista,Male
Jaycee,Male
LaMarr,Male
Rudolph,Male
Otis,Male
Userkare,Male
Taufik,Male
Claude,Male
Meryibre,Male
Pierre-Luc,Male
Rommie,Male
Ryler,Male
Steffan,Male
Tayler,Male
Yuval,Male
Aleksis,Male
Everhardus,Male
Friedrich,Male
Kapron,Male
Lambros,Male
Wilhelm,Male
Valgeir,Male
Gabriel,Male
Rodd,Male
Dillon,Male
Bruno,Male
Khety,Male
Lucky,Male
Buzz,Male
Choky,Male
Gustaf,Male
Pius,Male
Toto,Male
D,Male
Ovid,Male
G,Male
Abdulaziz,Male
Octavio,Male
Hem,Male
Sanakht,Male
Darris,Male
Nallamalupu,Male
Oswald,Male
Charles-Maurice,Male
Sacha,Male
Athenaeus,Male
Bobby,Male
Bernhard,Male
Eamonn,Male
Danijel,Male
Emud,Male
Yung,Male
Anier,Male
Ede,Male
Gewargis,Male
Orson,Male
Jeffrey,Male
Himesh,Male
Hablot,Male
Baishan,Male
Mehboob,Male
Tsarevich,Male
Klaus,Male
RafaÅ‚,Male
DeJuan,Male
Arrelious,Male
Laurent,Male
Riku,Male
Jonny,Male
Samini,Male
Tarell,Male
Finley,Male
Akala,Male
Javarris,Male
Brendan,Male
Yehuda,Male
Henning,Male
MikulÃ¡Å¡,Male
Antonio,Male
Ruel,Male
Hamp,Male
Freddie,Male
Axel,Male
Rockey,Male
Bayron,Male
Imtiaz,Male
Raed,Male
Geary,Male
Hot,Male
Vadims,Male
Quincy,Male
Allen,Male
Murray,Male
Eddie,Male
Lou,Male
Dale,Male
Malik,Male
Amir,Male
Takeshi,Male
Ligon,Male
Fernando,Male
Skip,Male
Butch,Male
Zachariah,Male
Boyce,Male
Olin,Male
Leopoldo,Male
Dicky,Male
Jabaal,Male
Auguste,Male
Buddy,Male
Jack,Male
Lito,Male
Setut,Male
Obadiah,Male
Jess,Male
Nicholas,Male
Damjan,Male
Owen,Male
JC,Male
Julien,Male
Hans-Kristian,Male
LaShaun,Male
Karsten,Male
Olcay,Male
Haris,Male
Curt,Male
Mervin,Male
Yuthlert,Male
Charleston,Male
Holter,Male
Frederick,Male
Patric,Male
Alviro,Male
Avraham,Male
Davanzo,Male
Bikheris,Male
Josep,Male
Stepan,Male
Naseam,Male
Davin,Male
Dutch,Male
Brent,Male
Ndrek,Male
Cary,Male
Bert,Male
HÃ¥kan,Male
Giles,Male
Josip,Male
Mellin,Male
Morgan,Male
Rolland,Male
Timo,Male
Tsquared,Male
AndrÃ©s,Male
Everson,Male
Jacob,Male
Isaac,Male
Bradford,Male
Tomm,Male
Naoya,Male
JP,Male
Vicente,Male
HÃ¥vard,Male
Neferirkare,Male
Nikos,Male
ItÅç,Male
Kindal,Male
Kingsley,Male
Yi,Male
Rosto,Male
Zach,Male
Ladu,Male
Lawrence,Male
Ruy,Male
Zinovy,Male
Asger,Male
Garry,Male
Å tÄ›pÃ¡n,Male
Cam,Male
Coley,Male
Darian,Male
Marc,Male
Vasyl,Male
Ferdowsi,Male
JosÃ©,Male
Emidio,Male
Edgar,Male
RÃ©da,Male
Igor,Male
Nereo,Male
Algernon,Male
Matthew,Male
Vadim,Male
Tyrod,Male
Dil,Male
Konnor,Male
D'Wayne,Male
Keith,Male
Farrell,Male
Enrique,Male
Whitey,Male
Pedubast,Male
Braydon,Male
Dwayne,Male
Mirko,Male
RÃ_bert,Male
JÃ_zsef,Male
Astad,Male
Horacio,Male
Rambhadracharya,Male
Krzysztof,Male
Roman,Male
Rayford,Male
Arnold,Male
Nam,Male
CesÃ¡reo,Male
Graciela,Female
Ajai,Female
Noraida,Female
Tristine,Female
DeimantÄ—,Female
Jyotshna,Female
Emelyn,Female
Gianna,Female
Vanida,Female
Klaartje,Female
Elly,Female
Sora,Female
Randi,Female
Sadie,Female
Marta,Female
Lina,Female
NÃ_ra,Female
Serenity,Female
Alona,Female
Kwai,Female
Signe,Female
GlÃ_ria,Female
LÃ©a,Female
P.V.V.,Female
Yasmin,Female
Leni,Female
Ariadne,Female
Misono,Female
Francisca,Female
Gertrud,Female
Nikki,Female
Atsuko,Female
Yukta,Female
Marie-Louise,Female
Surabhi,Female
Sunnyi,Female
Dorotea,Female
Suhr,Female
Morleigh,Female
Majken,Female
Nina,Female
Lupita,Female
Sonu,Female
Deepa,Female
Melora,Female
Anny,Female
Sanna,Female
Lorelei,Female
Chow,Female
Fanny,Female
Lisa,Female
Kathrin,Female
Porsche,Female
YÅ«ki,Female
Hildegard,Female
Dilan,Female
Billie,Female
Mandie,Female
Clarisse,Female
Busanan,Female
Jayne,Female
Porntip,Female
Albina,Female
Edina,Female
Mai,Female
Vanina,Female
Antje,Female
Chien,Female
EglÄ—,Female
Cockacoeske,Female
Apasiri,Female
Belinda,Female
Jaye,Female
Kat,Female
Noelle,Female
Tena,Female
Justyna,Female
Izabella,Female
Ela,Female
Madame,Female
Mia,Female
Letha,Female
Dalma,Female
Qin,Female
Nettie,Female
LÃ©na,Female
Mariana,Female
Ã‰lodie,Female
Liubov,Female
Madeline,Female
Nafisa,Female
Karolina,Female
Marlyn,Female
Unter,Female
Bianca,Female
Denisa,Female
Melati,Female
Soong,Female
Moria,Female
Penelope,Female
Xia,Female
Lori,Female
Kanako,Female
Daran,Female
Ruselli,Female
Vivien,Female
Samantha,Female
Malgorzata,Female
Katina,Female
Marquise,Female
Jodi,Female
Anna,Female
Colette,Female
Alile,Female
Audra,Female
AngÃ©lique,Female
Adrianna,Female
Misato,Female
Teshana,Female
Emmanuelle,Female
Marja-Liisa,Female
Aggie,Female
Cornelia,Female
Viveca,Female
Niurka,Female
Rekhetre,Female
Tomoko,Female
Meseret,Female
Archduchess,Female
Hana,Female
Sally-Anne,Female
Yiu,Female
Teodora,Female
Joann,Female
Emilie,Female
Bethanie,Female
Mikiko,Female
Gilda,Female
Nozomi,Female
Vivi,Female
Bajka,Female
Laure,Female
Kasthuri,Female
Jagoda,Female
AnaÃ_s,Female
Kristiene,Female
Lily,Female
Lyasan,Female
Syr,Female
Lis,Female
Mervana,Female
MÄƒlina,Female
Sandali,Female
SiÃ¢n,Female
Josephine,Female
Tenley,Female
Matisse,Female
Dora,Female
Priyanka,Female
Marilyn,Female
Ahsha,Female
Tasmin,Female
Eleanor,Female
Romania,Female
Meryl,Female
Yoshino,Female
Reina,Female
Irish,Female
Mae,Female
Carolijn,Female
Honorata,Female
Judi,Female
Elitsa,Female
Zhala,Female
Lollipop,Female
Edda,Female
Carla,Female
Seema,Female
Naho,Female
Natacha,Female
Dandy,Female
Melanie,Female
Buchi,Female
KateÅ™ina,Female
FranÃ§oise,Female
Susanna,Female
Suzanna,Female
Jaimee,Female
Irena,Female
Piper,Female
Tse,Female
Indira,Female
Mumtaz,Female
Tsubasa,Female
Borislava,Female
Ayaka,Female
Deanie,Female
Ronetta,Female
Ambar,Female
Gilly,Female
Judy,Female
Nudnida,Female
EliZe,Female
Siriyakorn,Female
Julieta,Female
Cristy,Female
Mirjana,Female
Carin,Female
Alix,Female
AkvilÄ—,Female
Bonnie,Female
Harini,Female
Cara,Female
Deidre,Female
Rosyita,Female
Hilary,Female
Queen,Female
Airi,Female
Lillian,Female
Lene,Female
Gadde,Female
Yseult,Female
Satinder,Female
Elizaveta,Female
Gwyneth,Female
Kagney,Female
Tintin,Female
Asia,Female
Annita,Female
Kamilla,Female
Dulce,Female
Tornado,Female
Lejeanne,Female
Siriphan,Female
Amina,Female
Samia,Female
Alisson,Female
Bathsheba,Female
Rochelle,Female
Natalie,Female
Elsie,Female
Stoja,Female
Michela,Female
Jella,Female
Valeria,Female
Adoor,Female
Agata,Female
Emanuela,Female
Sherri,Female
Brigitte,Female
Lala,Female
Albion,Female
Suo,Female
Milena,Female
Dea,Female
Wiltrud,Female
Chai,Female
Kyra,Female
Ellie,Female
Livia,Female
Cornell,Female
Kirron,Female
Elizabet,Female
Angelina,Female
Koo,Female
Sarena,Female
Sif,Female
Elise,Female
Xenia,Female
Kerri,Female
Reka,Female
Ren,Female
Sherene,Female
Serene,Female
Clonie,Female
Tamara,Female
KristÄ«ne,Female
BerÃ_nica,Female
Ceren,Female
Roz,Female
Jenn,Female
Maliina,Female
Holly,Female
VÅ©,Female
Traylor,Female
Yuliya,Female
Viviane,Female
Margalita,Female
Saundra,Female
Sayaka,Female
Naoko,Female
Seo,Female
Rosanna,Female
Aaryn,Female
Yurika,Female
Lindy,Female
Sarra,Female
Hiroko,Female
ConstanÈ›a,Female
Fenella,Female
Tracey,Female
Aksana,Female
Sharon,Female
Kathinka,Female
Alena,Female
Hilda,Female
Kristina,Female
Delilah,Female
Loveleen,Female
Yevdokiya,Female
Tyra,Female
MÃ˜,Female
Panuga,Female
Justina,Female
Yulia,Female
Melody,Female
Romina,Female
Cherylin,Female
LibuÅ¡e,Female
Aleksandra,Female
Alia,Female
Arianny,Female
Ä_ubomÃ_ra,Female
Ermyntrude,Female
Candace,Female
Astrid,Female
Castalia,Female
Sian,Female
Rhea,Female
Alycia,Female
Marielys,Female
Cassandra,Female
Aleyda,Female
Erica,Female
Kelley,Female
Zozo,Female
Natalia,Female
Marie-Noelle,Female
Anneliese,Female
Vijaya,Female
Fiona,Female
Rosalind,Female
Sharla,Female
Kitty,Female
Fannie,Female
Amile,Female
Kristiina,Female
Chisato,Female
Indra,Female
Tetyana,Female
Olga,Female
Hillie,Female
Eirlys,Female
Constance,Female
Antonella,Female
Paulette,Female
Rufaida,Female
Connie,Female
Kari,Female
Vesta,Female
Hannele,Female
Giselle,Female
Angelique,Female
Parvathy,Female
Mazo,Female
Misha,Female
Liina-Grete,Female
Corina-Isabela,Female
FlorenÈ›a,Female
Ajla,Female
Zhao,Female
Kristie,Female
Piia,Female
Esna,Female
Melinda,Female
Mari,Female
Jessie,Female
Mien,Female
Sybil,Female
Anita,Female
Misayo,Female
Sema,Female
Brika,Female
JoAnne,Female
Shirley,Female
Saima,Female
Muriel,Female
Tanya,Female
Debbrich,Female
Klaudia,Female
Rosa,Female
Fitriani,Female
Remigija,Female
ClÃ¡udia,Female
Nena,Female
Fallon,Female
Pirkko,Female
Eriko,Female
Anksa,Female
Montserrat,Female
Maryna,Female
Maddy,Female
Antoniya,Female
Cheryl,Female
Regine,Female
Kath,Female
Kamay,Female
Sherraine,Female
Iona,Female
DaÃ_na,Female
Soledad,Female
Diane,Female
Ons,Female
Tomoe,Female
Pandora,Female
Christinna,Female
Gordana,Female
Dragana,Female
Erle,Female
Ashia,Female
Anhelina,Female
YÅçko,Female
Elfi,Female
Betty,Female
Andressa,Female
Huguette,Female
Sandra,Female
Debra,Female
Padma,Female
Maja,Female
Meret,Female
Iness,Female
Federica,Female
Pradnya,Female
Pornpawee,Female
Eliza,Female
Marypat,Female
Bibian,Female
Ning,Female
Katia,Female
Viktoria,Female
XÃ©nia,Female
Ruby,Female
MaChelle,Female
Tamika,Female
Alla,Female
Cecelia,Female
Darya,Female
Valerie,Female
Chalonda,Female
Gladys,Female
MichÃ¨le,Female
Miyoko,Female
Belle,Female
Valda,Female
Moira,Female
Lauretta,Female
Lai,Female
Ewa,Female
Sania,Female
Helene,Female
Carolina,Female
Turid,Female
Shena,Female
Violetta,Female
Hayley,Female
Jenni,Female
Ainett,Female
Malia,Female
Kendra,Female
Yevgenia,Female
Kaoru,Female
Kristi,Female
Gwei,Female
Alfhild,Female
Marlene,Female
Fontaine,Female
Noora,Female
Susan,Female
Kaori,Female
Amaia,Female
Carolin,Female
Ardath,Female
Ekaterine,Female
Berta,Female
Jeaniene,Female
Mitsuko,Female
Megan,Female
Alyson,Female
Cori,Female
Castalie,Female
Chantal,Female
Alison,Female
Tomomi,Female
Nannie,Female
Iwona,Female
Kimberley,Female
Kylie,Female
Monika,Female
Donna,Female
Joyce,Female
Yanna,Female
Yukina,Female
Ursula,Female
Fylgia,Female
EnikÅ‘,Female
Lacie,Female
Babette,Female
Elina,Female
Loni,Female
Lydie,Female
Jemima,Female
Gabriela,Female
Bunny,Female
Agnes,Female
Jung,Female
Brie,Female
Hania,Female
Delfina,Female
Tharini,Female
Graziella,Female
Fearne,Female
Frida,Female
Kirsty,Female
Dalida,Female
Cree,Female
Yao,Female
Michele,Female
Shizuka,Female
Somy,Female
Zara,Female
Miyu,Female
Maren,Female
Trinity,Female
Jillie,Female
Virpi,Female
Tereza,Female
Jo,Female
Jenny,Female
Guia,Female
Lila,Female
Leona,Female
Ric,Female
Greta,Female
Pearl,Female
Rue,Female
Ameenah,Female
Alexis,Female
Laura,Female
Ketti,Female
Marcy,Female
Doina,Female
Yola,Female
Fadhila,Female
Opika,Female
Amala,Female
Gundi,Female
Gertrude,Female
Eglis,Female
Winnie,Female
Yeni,Female
Shefali,Female
Nelly,Female
Maiken,Female
Iwa,Female
Vinette,Female
Marinne,Female
Symona,Female
Catarina,Female
Olesya,Female
Narumi,Female
Rosie,Female
Andreja,Female
Mala,Female
Ossi,Female
Adrienne,Female
Michelle,Female
Tarra,Female
SZA,Female
Ann-RenÃ©e,Female
Stoya,Female
Rula,Female
Rika,Female
Yuka,Female
Tavi,Female
Becky,Female
Nieves,Female
Sona,Female
Bettina,Female
Manjari,Female
Susanne,Female
Thet,Female
AurÃ©lie,Female
Nazneen,Female
Jaycie,Female
Cisita,Female
Jackeline,Female
Nan,Female
Jac,Female
Eleonora,Female
Giovanna,Female
Rina,Female
Layla,Female
AngelÄ«na,Female
Alyth,Female
Ririn,Female
Gretel,Female
I,Female
Floriane,Female
Ms.,Female
IldikÃ_,Female
Chea,Female
KT,Female
Jada,Female
Mavis,Female
Darnell,Female
Faina,Female
Ninon,Female
Poni,Female
Sina,Female
Carrie,Female
AnaÃ¯s,Female
Crystle,Female
Sammi,Female
Karina,Female
Seerat,Female
Shelly-Ann,Female
Pola,Female
Retta,Female
Tudi,Female
Sophie,Female
MaÅ‚gorzata,Female
Annisa,Female
Ryza,Female
Karuna,Female
Toya,Female
Nicol,Female
Corinne,Female
Ema,Female
Suzanne,Female
Lorne,Female
Mirella,Female
Sunday,Female
Kira,Female
Sanda,Female
Eleni,Female
Annette,Female
Isabelle,Female
Bae,Female
Maite,Female
Sviatlana,Female
Despina,Female
GaÃ«lle,Female
Louisa,Female
TÃ¡Åˆa,Female
Katerina,Female
Mo-nah-se-tah,Female
Marisa,Female
NoÃ©mi,Female
Souad,Female
Lucia,Female
Ylva,Female
Aliya,Female
Duan,Female
Angelia,Female
Biddy,Female
Lilli,Female
Katarzyna,Female
Delphine,Female
Denise,Female
Adassa,Female
Dree,Female
Grete,Female
Maxine,Female
Minnie,Female
Lluvia,Female
Evguenia,Female
Mary-Anne,Female
Beate,Female
Fahimeh,Female
Kanya,Female
Kellee,Female
Ini,Female
Whitney,Female
Shaznay,Female
Kamie,Female
Mrs,Female
Micol,Female
Vidhya,Female
Soraya,Female
Karol,Female
Yonit,Female
Maureen,Female
Marzia,Female
Swasika,Female
Marianne,Female
Julia,Female
Caitlin,Female
Maiko,Female
Ina,Female
Gonnelien,Female
Shawna,Female
Emmeline,Female
Tracie,Female
Kateryna,Female
Alida,Female
Jasmina,Female
Ashvarya,Female
Kaylynn,Female
Anndi,Female
Svenja,Female
Emel,Female
Mithra,Female
Gwen,Female
Mailen,Female
Me,Female
Ronni,Female
Simi,Female
Reshmin,Female
Margherita,Female
Verity,Female
Ayane,Female
Joanie,Female
Annika,Female
BurÃ§in,Female
Sirelda,Female
Schuyler,Female
Nirupa,Female
Manca,Female
CÃ©line,Female
Emily,Female
K.,Female
Gao,Female
Celia,Female
Lynda,Female
Efua,Female
Emerald,Female
Eva,Female
Andee,Female
Jana,Female
Oriana,Female
Vidhubala,Female
Azza,Female
Nanna,Female
Alektra,Female
Elyse,Female
Enid,Female
Rebekah,Female
Tjitske,Female
April,Female
Hollie,Female
Aino,Female
Liz,Female
Meena,Female
Sono,Female
Chau,Female
Huá»_nh,Female
Mana,Female
Paola,Female
Katja,Female
Ã‰rica,Female
Semat,Female
Mary-Lou,Female
Kara,Female
Trixi,Female
Yami,Female
Fazura,Female
Darbi,Female
Saira,Female
Paloma,Female
Friedl,Female
Leila,Female
Lana,Female
Tanveer,Female
VÃ©ra,Female
Elmina,Female
Arina,Female
Lukky,Female
Myke,Female
InÃ©s,Female
Sandhya,Female
Vendela,Female
Clare,Female
Heike,Female
Kinnie,Female
Renee,Female
Emma,Female
Lotte,Female
Rong,Female
Anushka,Female
Jennie,Female
Ellen,Female
Akhila,Female
Zhaira,Female
Posie,Female
Nefertkau,Female
Derval,Female
Volha,Female
Tessie,Female
Dorothy,Female
MagdalÃ©na,Female
Eadie,Female
Tuna,Female
Samita,Female
Ilene,Female
N.,Female
ZsÃ_fia,Female
Mamta,Female
Rita,Female
Sarah,Female
Virginie,Female
Liv,Female
Kristy,Female
Tabitha,Female
Delloreen,Female
Cordelia,Female
Wendeen,Female
Christiane,Female
Alfre,Female
Colombe,Female
Breeja,Female
Sable,Female
LÃª,Female
Jooce,Female
Tamari,Female
Erin,Female
Seela,Female
Penne,Female
Dump,Female
Sheena,Female
Meenakshi,Female
Madrie,Female
Lan,Female
2014,Female
Sriyani,Female
Flavia,Female
Riza,Female
Suzana,Female
Surily,Female
Fang,Female
Hermina,Female
Pia,Female
Stella,Female
Ashlee,Female
Aline,Female
Franca,Female
Dayanara,Female
MihriÅŸah,Female
Tammy,Female
Eisha,Female
Chandrakala,Female
Jeri,Female
Molly,Female
Aamani,Female
Sister,Female
Marie-Laure,Female
Yui,Female
Sophia,Female
Javiera,Female
Veena,Female
Bellamy,Female
Natasha,Female
Affaire,Female
Ena,Female
Suzan-Lori,Female
Juana,Female
Sabiha,Female
Gronya,Female
Sabina,Female
YÅ«,Female
Magdalena,Female
Carly,Female
Inari,Female
Rebeca,Female
Natsumi,Female
Pnina,Female
EliÅ¡ka,Female
Feng,Female
Jennica,Female
Maayan,Female
Sofia,Female
Gayathrie,Female
TuÄŸÃ§e,Female
Mami,Female
Danni,Female
Nathalia,Female
Acquanetta,Female
Daina,Female
Korina,Female
Valorie,Female
Jodie,Female
Lymari,Female
Uma,Female
Elia,Female
MÃ©lanie,Female
Maggie,Female
Lydia,Female
Suzie,Female
Ada,Female
Kananu,Female
Deborah,Female
Jeszlene,Female
Mathilde,Female
Navaneet,Female
Vania,Female
Licia,Female
Tonya,Female
Mayar,Female
Constanze,Female
Verena,Female
RÃ©gine,Female
PÃ_ivi,Female
Isha,Female
Ãçngrid,Female
Dessislava,Female
Ginn,Female
Yulianti,Female
Penebui,Female
Katrina,Female
Suzy,Female
Zaharira,Female
Pasang,Female
Madhu,Female
Alfia,Female
Nati,Female
Sybille,Female
Nazrin,Female
Sonam,Female
Namrrta,Female
Aishwarya,Female
Tatiana,Female
Haruka,Female
Helen,Female
Ashish,Female
Hettienne,Female
Gail,Female
Idara,Female
Wilhelmine,Female
Henriett,Female
Lorella,Female
Irlene,Female
Empress,Female
Fabia,Female
Dava,Female
Angelica,Female
Bronwyn,Female
Lutfiana-Aris,Female
Alejandra,Female
Aravane,Female
Simmone,Female
Yevgeniya,Female
Susy,Female
Tricia,Female
Pierina,Female
Romi,Female
Lisa-Maria,Female
Marci,Female
Kayden,Female
Calli,Female
Dahvi,Female
Eda-Ines,Female
Helga,Female
Denice,Female
Limor,Female
Eri,Female
DesirÃ©e,Female
Rekha,Female
Keshia,Female
Ã‰milie,Female
J.,Female
Yuliana,Female
Clothilde,Female
FlÃ_ra,Female
Toy,Female
Abbie,Female
Brooke,Female
Irna,Female
Paigion,Female
Nimet,Female
G.K.,Female
Linlyn,Female
Evelyn,Female
Morgana,Female
Jemma,Female
Sinead,Female
Mervi,Female
Vita,Female
Keala,Female
Christa,Female
Sonequa,Female
GintarÄ—,Female
Ruth,Female
Vanessa,Female
Jenteal,Female
Catharine,Female
Zuzanna,Female
Wildy,Female
Antonia,Female
Camilla,Female
Niya,Female
Jacqueline,Female
Margaret,Female
AdÃ¨le,Female
Adele,Female
Nonnie,Female
Madhavi,Female
Bryanne,Female
Crystal,Female
Polly,Female
Terin,Female
Althea,Female
Doris,Female
Giuliana,Female
Evelin,Female
AÃ_da,Female
Mucha,Female
Anett,Female
Juanin,Female
AndrÃ©e,Female
Ma,Female
Fabiola,Female
Ivette,Female
Alessandra,Female
Tsvetanka,Female
Jorgie,Female
Melissa,Female
Vidi,Female
Sharmila,Female
Son,Female
Kiara,Female
Konnie,Female
AliÃ©nor,Female
Sithara,Female
Cedar,Female
Geeta,Female
Argelia,Female
Rosina,Female
Nadine,Female
Harriet,Female
Zoya,Female
Clarisa,Female
Chrissy,Female
Pooneh,Female
Aimee,Female
Elinor,Female
Dimitria,Female
Kathy,Female
Devoleena,Female
Naomi,Female
Noor,Female
Ginger,Female
LuvsanlkhÃ_ndegiin,Female
Besedka,Female
ChloÃ©,Female
Gaby,Female
InÃªs,Female
Sibilla,Female
Chastity,Female
Chloe,Female
Zarina,Female
Harper,Female
Elna,Female
Ludmila,Female
Shenay,Female
Kay,Female
Shen,Female
Mary-Ann,Female
Dong,Female
C.,Female
Youlia,Female
Phitchanat,Female
Frances,Female
Tabrett,Female
Hideko,Female
Hind,Female
Violeta,Female
Anjuli,Female
Xiao,Female
Kathleen,Female
Sushmita,Female
Sharman,Female
Kandi,Female
Mariona,Female
Betje,Female
Yaroslava,Female
Waheeda,Female
JÃ©ssika,Female
Lill,Female
Lashinda,Female
Assia,Female
Marjo,Female
Mariah,Female
Angie,Female
Pirjo,Female
Shazia,Female
Sook-Yin,Female
Augusta,Female
Rhian,Female
Norma,Female
Wei,Female
Louise,Female
Zaynab,Female
Amandine,Female
Betina,Female
Mignon,Female
Victoire,Female
Ahmose,Female
Lio,Female
Rui,Female
Rinke,Female
Bodil,Female
Junri,Female
Cristina,Female
Zorayda,Female
Aparna,Female
Yukiko,Female
Gisela,Female
Janel,Female
Oluchi,Female
Romy,Female
Gina,Female
Jovana,Female
Patricia,Female
Annie,Female
Myriam,Female
Wendy,Female
Ouida,Female
Lynsey,Female
Sunshine,Female
TatiÃ¡na,Female
Tamaki,Female
Beatrice,Female
Takako,Female
EugÃ©nie,Female
Vassiliki,Female
Tanvi,Female
Febby,Female
Mildred,Female
Asha,Female
Kathryn,Female
Nancy,Female
Iris,Female
Sadahzinia,Female
Vijayalakshmi,Female
Jincey,Female
Sandra-Maria,Female
Kasey,Female
Susannah,Female
Tanith,Female
Teresa,Female
Riri,Female
Lauren,Female
Traci,Female
Elisabeth,Female
Allie,Female
Edit,Female
Ania,Female
Elif,Female
Nicole,Female
Lemon,Female
Giaan,Female
Lise,Female
Cilly,Female
Mara,Female
Mag,Female
Niina,Female
Manju,Female
Doreen,Female
Chenoa,Female
Aria,Female
Kascha,Female
FanÃ_,Female
Mademoiselle,Female
Bionca,Female
Fumie,Female
Marjorie,Female
Kavita,Female
Sanaa,Female
Hedy,Female
Annett,Female
Chelsi,Female
Urvashi,Female
Venla,Female
Alice,Female
Lynette,Female
Coral,Female
Idi,Female
Sibyl,Female
Sahana,Female
Lucinda,Female
Madge,Female
Lea,Female
Colleen,Female
Basia,Female
Edith,Female
Agnieszka,Female
Evadne,Female
Cheng,Female
Nadiia,Female
Wilma,Female
Vinita,Female
Christina,Female
Saralee,Female
Toks,Female
Hekenuhedjet,Female
Shelbee,Female
G.,Female
Murder,Female
Melba,Female
Larisa,Female
Niharika,Female
Burcu,Female
Rainbow,Female
Carole,Female
LÄ«na,Female
Madhubala,Female
Brigette,Female
Aranza,Female
Najma,Female
Kerry-Lee,Female
Mao,Female
Blanche,Female
Leem,Female
Tomiko,Female
Nadia,Female
Florenta,Female
Yasue,Female
Bronislava,Female
Britney,Female
Sickan,Female
Joy,Female
Sui,Female
Claudia,Female
Sonali,Female
Violette,Female
Scottie,Female
Vann,Female
Widyawati,Female
Sylvina,Female
Heli,Female
Shingai,Female
Ineta,Female
Konatsu,Female
Ayla,Female
Frona,Female
Lilly,Female
Mayu,Female
Neuza,Female
Regina,Female
Kelime,Female
Suso,Female
Sreelekha,Female
FrÃ_nzi,Female
Viktoriia,Female
Catherine,Female
Alicia,Female
Rusudan,Female
Bobbie,Female
Amiel,Female
Carina,Female
Ji-Hae,Female
Darlene,Female
Nanceen,Female
Daphney,Female
Silke,Female
Francesca,Female
AlÄ«na,Female
Raynella,Female
Kanae,Female
Ludivine,Female
Lysa,Female
Lalita,Female
Laila,Female
Rosiana,Female
Khentetka,Female
Masami,Female
Supriya,Female
Ami,Female
Benedita,Female
Tyffany,Female
Gia,Female
Nicky,Female
Anca,Female
Ethelmary,Female
Afton,Female
Elga,Female
Coralie,Female
Nicha,Female
Shauna,Female
Penny,Female
Heart,Female
Kathe,Female
Charito,Female
Agnese,Female
Anna-Katharina,Female
Ewelina,Female
Olivia,Female
Patrika,Female
Cali,Female
Binnie,Female
Tala,Female
Saila,Female
P.,Female
China,Female
Janis,Female
Scha,Female
Brianne,Female
Shibani,Female
Gaite,Female
Lisanne,Female
Susie,Female
Jennifer,Female
Jo-Anne,Female
Laurine,Female
Rosemary,Female
Gu,Female
Ludowika,Female
Kaisa,Female
Oja,Female
Rona,Female
Wunmi,Female
Pam,Female
Maya,Female
May,Female
Meagan,Female
Ulrika,Female
Deirdre,Female
Renate,Female
Misti,Female
Viktoriya,Female
Orchidea,Female
Vivi-Anne,Female
Freya,Female
Shelly,Female
Felicia,Female
Gudrun,Female
Jaydy,Female
Debbie-Ann,Female
Torri,Female
Izola,Female
Daphne,Female
Steffi,Female
Ethyle,Female
Arabella,Female
Ariadna,Female
Fani,Female
Nathalie,Female
Sangeeta,Female
Briana,Female
Monica,Female
Katharine,Female
Chiara,Female
JeÄ_ena,Female
Nell,Female
Mollie,Female
Charity,Female
Leigh,Female
Dorcas,Female
Tangie,Female
Ibtihaj,Female
Anabelle,Female
Marie-Christine,Female
Gweneth,Female
Roxana,Female
Donzaleigh,Female
Cassie,Female
Helli,Female
AlizÃ©e,Female
Josie,Female
Buffie,Female
Mumaith,Female
Aliaksandra,Female
Arianthe,Female
Lia,Female
Somalatha,Female
Carolyn,Female
Evie,Female
Bic,Female
Zenna,Female
Gillian,Female
Gloria,Female
Krista,Female
Rodica,Female
Nora,Female
Sandrine,Female
Ulla,Female
Mishal,Female
LeÃ¯la,Female
Ima,Female
Mandy,Female
Inessa,Female
Marie-Ãˆve,Female
Mirja,Female
Sissel,Female
Olive,Female
Juli,Female
Azra,Female
Sannatasah,Female
Corina,Female
Meera,Female
Princess,Female
Martha,Female
Edelweiss,Female
Danica,Female
Vimi,Female
Milia,Female
Frederica,Female
Kiri,Female
Guadalupe,Female
Alessia,Female
Monice,Female
Varvara,Female
Aliana,Female
Lexi,Female
Vaso,Female
Kriota,Female
Sabrine,Female
Mina,Female
Glecia,Female
Henutsen,Female
Simona,Female
Kume,Female
Lili,Female
Mickie,Female
Masita,Female
Arlaine,Female
Madeleine,Female
Ever,Female
Yoshiko,Female
Juanita,Female
Micky,Female
Elspeth,Female
Dinah,Female
Saili,Female
RyÅçko,Female
Katyayini,Female
Vasiliki,Female
Callan,Female
Rozina,Female
Halla,Female
Daisy,Female
Vlada,Female
Benita,Female
Sadha,Female
Mirtha,Female
DeeDee,Female
Shenea,Female
Ankhesenamun,Female
Miho,Female
Antoinette,Female
Henrietta,Female
Clotilde,Female
BÃ©atrice,Female
MichaÃ«lle,Female
Thecla,Female
Riko,Female
Shona,Female
Sanchita,Female
Ludmilla,Female
Karri,Female
ZoÃ«,Female
Franziska,Female
Marie-Mai,Female
Darva,Female
Rizki,Female
Maelcum,Female
Shobhna,Female
BÃ¡rbara,Female
Annis,Female
Lucile,Female
Hui,Female
Nadiya,Female
Pumla,Female
Anju,Female
Janrae,Female
GloZell,Female
Anuschka,Female
Mardi,Female
Betta,Female
Selma,Female
Guo,Female
Myrtille,Female
Kalpana,Female
Jane,Female
Karly,Female
Maryam,Female
Toshiko,Female
Harumi,Female
Gavriella,Female
Anulka,Female
Madzy,Female
Marcela,Female
Ingrid,Female
Talitha,Female
Wendie,Female
Darshana,Female
Blaze,Female
Gayle,Female
KhÃ¢merernebty,Female
Tsianina,Female
Ekaterina,Female
Anne-Marie,Female
Guylaine,Female
Maribel,Female
ValÃ©rie,Female
Allanah,Female
Hsu,Female
E.,Female
Hanne,Female
Yamilet,Female
Allison,Female
Annabella,Female
Julianne,Female
Bertha,Female
Ai,Female
Marsha,Female
Ioulia,Female
Shakara,Female
Scheila,Female
Aloma,Female
Hermione,Female
Sheron,Female
Andi,Female
Katya,Female
Reed,Female
Nadezda,Female
Mine,Female
Kimberly,Female
Nantenaina,Female
Valya,Female
Blanca,Female
Shweta,Female
Sayyida,Female
KatÃ_na,Female
Arantxa,Female
Maki,Female
Nastassja,Female
Hannelore,Female
Fern,Female
Flora,Female
Mireille,Female
Serfiraz,Female
Niniwa,Female
Fukumi,Female
Johnni,Female
Okairy,Female
Heidi,Female
Aliki,Female
Rory,Female
Jocelyn,Female
Lida,Female
Domiziana,Female
Soraia,Female
Ilka,Female
Megumi,Female
Kata,Female
Ziana,Female
Sonya,Female
Sappho,Female
Yik-Man,Female
Cathleen,Female
Inday,Female
Mathilda,Female
Fabiana,Female
Zuzana,Female
Candi,Female
Savanna,Female
MÄƒdÄƒlina,Female
MaÅ¡a,Female
Phylis,Female
Kimena,Female
Vicki,Female
Fabrizia,Female
Catrine,Female
Wakaba,Female
Brooklyn,Female
Margarita,Female
Eldece,Female
Sojourner,Female
Miyabi,Female
Janin,Female
Achuta,Female
Sundown,Female
Irina,Female
Tera,Female
Carola,Female
Chelsea,Female
Sei,Female
Jordanne,Female
Virna,Female
Corrinne,Female
Mona,Female
Taryn,Female
Mags,Female
Dorota,Female
MylÃ¨ne,Female
Mindy,Female
Amy-Jill,Female
Lakey,Female
Keren,Female
Lynndie,Female
Aletta,Female
Miya,Female
Anisette,Female
Kittens,Female
Mecha,Female
Talyn,Female
Sheree,Female
Amber,Female
Kyoko,Female
Bermet,Female
Melvira,Female
Zineb,Female
Ethel,Female
Constanza,Female
KÃ_the,Female
Galina,Female
Nellie,Female
Aaradhna,Female
Danika,Female
Kristen,Female
Marita,Female
Kajsa,Female
Riona,Female
Cammy,Female
Riley,Female
Anastasia,Female
Betsy,Female
Nevenka,Female
Xing,Female
You,Female
Roshumba,Female
Marie-AgnÃ¨s,Female
Nachimi,Female
Nitya,Female
Birgitta,Female
KatarÃ_na,Female
Anousjka,Female
Aprilsasi,Female
Jillian,Female
Dawn,Female
Debbie,Female
Rhoda,Female
Raine,Female
Elvi,Female
Madylin,Female
Hertha,Female
Anastasiya,Female
Ilona,Female
Zlatka,Female
Nia,Female
Angelika,Female
JoJo,Female
Lorraine,Female
Iva,Female
Vaishnavi,Female
Lehar,Female
Sicily,Female
Trudy,Female
Isabel,Female
Maria-Victoria,Female
Ann,Female
Amalia,Female
Becca,Female
Sydne,Female
Nanouk,Female
Dudu,Female
Roxanne,Female
Sonata,Female
Che'Nelle,Female
Jordyn,Female
Jelena,Female
Arundhati,Female
Apoorva,Female
Phyllis,Female
Irene,Female
Bintanath,Female
Ashlyn,Female
Korie,Female
Jin,Female
Lena,Female
Prue,Female
Jeana,Female
Beverley,Female
Kirsten,Female
Line,Female
Lidziya,Female
Eagle,Female
Leah,Female
Aeone,Female
Bambi,Female
Ani,Female
Aruna,Female
Rossana,Female
Silja,Female
Marina,Female
Julianna,Female
Noma,Female
Anzhela,Female
Saori,Female
Tessa,Female
Zeinab,Female
Conny,Female
Joanne,Female
Satoko,Female
Kumiko,Female
Janvi,Female
Joelle,Female
An-Sophie,Female
Hannah,Female
Juliet,Female
Evgeniya,Female
Sathyapriya,Female
Peta,Female
Puttita,Female
Zoe,Female
Shana,Female
Hou,Female
Yukiji,Female
Verawaty,Female
Abigail,Female
Anisa,Female
Chrystel,Female
Anik,Female
Halle,Female
Silvia,Female
Lorissa,Female
Adi,Female
Luise,Female
Gwendoline,Female
Hsieh,Female
Negin,Female
Thea,Female
Beatriz,Female
Stephanie,Female
MimÃ_,Female
Shreya,Female
Gemma,Female
Sia,Female
Ishia,Female
Alannah,Female
Charline,Female
Sharbani,Female
KarolÃ_na,Female
AnikÃ_,Female
Sonal,Female
Miranda,Female
Mimi,Female
Charlene,Female
Eugenie,Female
Leticia,Female
Nooralotta,Female
Josefin,Female
Sarjubala,Female
Dagmar,Female
Kate,Female
Cordula,Female
Una,Female
Jutta,Female
Kjersti,Female
Keiko,Female
Kanika,Female
Ragnhildur,Female
Miyoshi,Female
AgnÄ—,Female
Lucy,Female
Brittany,Female
Winifred,Female
Yasmine,Female
Katherine,Female
Beverly,Female
Laya,Female
Ronja,Female
Tzipi,Female
Rei,Female
Aleksandrina,Female
Kuriko,Female
Hillary,Female
Vinodhini,Female
IcÃ_ar,Female
Grace,Female
Haley,Female
Millicent,Female
Ivana,Female
MarÃ_a,Female
Gaia,Female
Ã‰lise,Female
Biljana,Female
Cristi,Female
Katarina,Female
Juliane,Female
Rachael,Female
Yuko,Female
Ahmose-Sitamun,Female
Stefaniya,Female
Madhabi,Female
Inva,Female
Niki,Female
Ezgi,Female
Lucille,Female
Meghan,Female
Jeananne,Female
Hanae,Female
Rosalyn,Female
Minami,Female
Malak,Female
Noppawan,Female
Beatrix,Female
Greer,Female
Alka,Female
Alberta,Female
Nanette,Female
Cindy,Female
Preeti,Female
Masa,Female
B.J.,Female
Eugenia,Female
Iryna,Female
Lorna,Female
Della,Female
Navya,Female
Digna,Female
Caroline,Female
Magda,Female
Maj,Female
Midde,Female
Maud,Female
Mya,Female
Sheryl,Female
Sabrina,Female
Cecily,Female
Shwikar,Female
Vasuki,Female
Ailsa,Female
Petya,Female
Dina,Female
Johanna,Female
Elsa-Marianne,Female
Jaine,Female
Ayan,Female
Masako,Female
Rajae,Female
Ayumi,Female
Ramilya,Female
VirÃ¡g,Female
Thania,Female
Netfa,Female
Obsession,Female
Lenore,Female
Nelida,Female
Eny,Female
Iara,Female
Anusha,Female
Mabel,Female
Nyomi,Female
Ayn,Female
Luz,Female
Eva-Maria,Female
Nour,Female
Elke,Female
Melita,Female
Elisa,Female
Dunia,Female
Nguyá»…n,Female
Sanne,Female
Mamrie,Female
Naureen,Female
Veerle,Female
Pascale,Female
Anat,Female
Cosetta,Female
Suzette,Female
Karunamayi,Female
Sigal,Female
Ankita,Female
Petra,Female
Zrinka,Female
Sada,Female
Olabisi,Female
Juulia,Female
Judith,Female
CeÃ¡n,Female
Philippa,Female
Kielo,Female
Barb,Female
Guesch,Female
Jocelyne,Female
Magali,Female
Ioana,Female
Ida,Female
Sofie,Female
Ã‰lisabeth-Charlotte,Female
Dita,Female
Orlaith,Female
Esme,Female
Debi,Female
Brandy,Female
Neva,Female
Luisa,Female
Radha,Female
Veronika,Female
Adelina,Female
GeneviÃ¨ve,Female
Corenne,Female
Rosanne,Female
Banu,Female
Diliana,Female
Sue,Female
Shobna,Female
Agathe,Female
Waje,Female
Ines,Female
Emeline,Female
EstefanÃ_a,Female
Sugar,Female
Chie,Female
SÃ©verine,Female
Kulap,Female
Thelma,Female
Natasja,Female
Lhakpa,Female
Tio,Female
Leanza,Female
Shanudrie,Female
Laurana,Female
Thekla,Female
Miwako,Female
Maisie,Female
Meg,Female
Leanne,Female
Crissy,Female
Sherry,Female
Alisha,Female
Blanka,Female
Rosalba,Female
CÃ¡ssia,Female
Alysia,Female
Kaetlyn,Female
Lilibeth,Female
Kang,Female
Dagney,Female
Shwetha,Female
Ann-Lou,Female
Vivian,Female
Soundarya,Female
Amy,Female
Eszter,Female
Scarlett,Female
Lupe,Female
Kristin,Female
Katsutaro,Female
Marybeth,Female
Jill,Female
Micheline,Female
Emmy,Female
Asin,Female
Joannah,Female
Rattling,Female
Asaka,Female
Dahlia,Female
Dinara,Female
KristÃ_na,Female
Lara,Female
Keshya,Female
Capri,Female
Manami,Female
Aadnya,Female
Lady,Female
Daniele,Female
Dona,Female
Marissa,Female
Geraldine,Female
Satsuki,Female
Peachy,Female
Carling,Female
Barbro,Female
Ragna,Female
Jewell,Female
Priscilla,Female
Soad,Female
Gabrielle,Female
DomÃ©nica,Female
Virginia,Female
Chanelle,Female
Ardie,Female
Ottilia,Female
Divya,Female
Piggy,Female
Camila,Female
LÃ©to,Female
Starla,Female
Septi,Female
A.,Female
Jeanne,Female
VÄ›ra,Female
Cyndee,Female
Jeryl,Female
Running,Female
Micaela,Female
Mahua,Female
Catriona,Female
Yvette,Female
Zaraah,Female
Anggia,Female
Tandi,Female
Pilar,Female
Missy,Female
Joana,Female
Oxana,Female
ViktÃ_ria,Female
Choi,Female
ViÃ±a,Female
Nana,Female
Aurora,Female
Ni,Female
Katie,Female
Sapsiree,Female
Marrie,Female
Ivy,Female
Reeta,Female
Rufa,Female
Reiko,Female
T.,Female
Youki,Female
Hildegarde,Female
Miki,Female
Roja,Female
Eveliina,Female
Josane,Female
Imogen,Female
Florence,Female
Robyn,Female
Dara,Female
Yanka,Female
Shayna,Female
Mila,Female
AlizÃ©,Female
Shoko,Female
Rebecca,Female
Kalenna,Female
KristÃ_na,Female
Aida,Female
Elizabeth,Female
Roberta,Female
Tanja,Female
Grazia,Female
Sabine,Female
Sarina,Female
Shiori,Female
Karine,Female
Polina,Female
AmÃ©lie,Female
Nataly,Female
Paulien,Female
Jaroslava,Female
Bruna,Female
Marlyne,Female
Raquel,Female
Suraiya,Female
Niamh,Female
Sargun,Female
Melitta,Female
Stacey,Female
Aneta,Female
Damaris,Female
Akemi,Female
Kerry-Anne,Female
Aiko,Female
BetÃ_l,Female
Ann-Kathrin,Female
Alina,Female
Bridget,Female
Marah,Female
Romana,Female
Rhonda,Female
Sujatha,Female
Doon,Female
Mence,Female
Opal,Female
Parine,Female
Mariann,Female
Mizzi,Female
Inga,Female
Rupa,Female
Efrat,Female
Alma,Female
Viola,Female
Juri,Female
Karin,Female
Louie,Female
Paula,Female
Mayra,Female
Nitocris,Female
Kia,Female
Maretha,Female
Simonne,Female
Dax,Female
Å_eljka,Female
Hildi,Female
Carmelita,Female
Kristine,Female
Hilal,Female
Mesinee,Female
Roshonara,Female
Christel,Female
Sheretnebty,Female
Tammi,Female
Aniek,Female
Rinako,Female
Daniela,Female
Patrizia,Female
Buffalo,Female
Kimber,Female
Maia,Female
Velma,Female
Angella,Female
Ryann,Female
Hiromi,Female
Moyna,Female
Ricca,Female
Ecaterina,Female
Maura,Female
Helena,Female
MÃ¡rta,Female
Margie,Female
Mima,Female
Morag,Female
Rebekka,Female
Marguerite,Female
Alaine,Female
Alyssa,Female
Honami,Female
Lorena,Female
Chippy,Female
Siobhan,Female
Zulia,Female
Deanna,Female
Sandy,Female
Renata,Female
Matilde,Female
Gwendolyn,Female
Neslihan,Female
Meredith,Female
Marija,Female
Noriko,Female
Wilnelia,Female
Gioia,Female
Gabriella,Female
Jody,Female
Trupti,Female
Kanchanamala,Female
Regan,Female
Gry,Female
Pippa,Female
Angharad,Female
Palwasha,Female
Annemarie,Female
Valanto,Female
VassilikÃ_,Female
Kristien,Female
Krisztina,Female
Bibiane,Female
Merja,Female
Linda,Female
Margo,Female
Trude,Female
Easkey,Female
LuminiÈ›a,Female
Aranya,Female
Azean,Female
Ester,Female
Maitland,Female
Lavinia,Female
Joselyn,Female
Amelia,Female
Wanda,Female
Jeane,Female
Idora,Female
Paz,Female
Annalisa,Female
Nadin,Female
Perla,Female
Doriane,Female
Florencia,Female
Chiho,Female
Anda,Female
Nabila,Female
Stefania,Female
Nil,Female
Ianna,Female
Jacklyn,Female
Yekaterina,Female
Nanci,Female
Rae,Female
Fely,Female
Debora,Female
Eefje,Female
Fayza,Female
Pai,Female
Geneva,Female
Gerrianne,Female
Amara,Female
Mariko,Female
Petrine,Female
Juliana,Female
Ivyann,Female
Tasha,Female
Janine,Female
Alexe,Female
Anne-Sophie,Female
Kiera,Female
Ana,Female
Meiko,Female
Mariangela,Female
Yomary,Female
Marie-FranÃ§oise,Female
Isabella,Female
Maricruz,Female
Bonnie-Jill,Female
B.,Female
Priya,Female
Isabeli,Female
Luksika,Female
Myra,Female
Shepenupet,Female
Martyna,Female
Devika,Female
Nurith,Female
Maria,Female
Hazar,Female
Vera,Female
Larissa,Female
Reenu,Female
Hanna,Female
Sofi,Female
Alinne,Female
Samata,Female
Omotola,Female
Marieta,Female
Audrey,Female
Sheri,Female
Nazanin,Female
Joannette,Female
Toupie,Female
Shrikant,Female
T.M.,Female
Margreta,Female
StÃ©phanie,Female
Anni,Female
Macarena,Female
Malou,Female
Abi,Female
Kellie,Female
Anka,Female
Sydnee,Female
Aya,Female
Carol,Female
Elisabetta,Female
Wakana,Female
Juliette,Female
Margrit,Female
Bahia,Female
Ksenia,Female
Agneta,Female
Mariya,Female
Adie,Female
LÃºcia,Female
Yana,Female
SolÃ¡ngel,Female
Yuria,Female
Lucrezia,Female
Rupal,Female
Lubov,Female
Simbi,Female
Aileen,Female
Selina,Female
Christine,Female
Sibylle,Female
Sylvia,Female
Adina,Female
Meryem,Female
Allee,Female
Georgiana,Female
Bea,Female
MÃ_nica,Female
Mitzi,Female
Brittney,Female
Ebru,Female
Chang,Female
Ellyn,Female
Ivanna,Female
Eusebia,Female
Yiya,Female
Nika,Female
Dena,Female
Lesley,Female
Georgia,Female
Rosalynn,Female
Renu,Female
Krystal,Female
Teagan,Female
Dot,Female
Dianne,Female
Tina,Female
Christi,Female
Damilola,Female
Inge,Female
Sofya,Female
Ucu,Female
Marie-Pierre,Female
Dian,Female
Yoriko,Female
Rati,Female
Boglarka,Female
Luciana,Female
Lilia,Female
Melina,Female
Marianna,Female
CiCi,Female
Mary,Female
Delnaaz,Female
Fatma,Female
Reema,Female
Shell,Female
Calamity,Female
Francelia,Female
Tiffany,Female
Lanna,Female
Adrienn,Female
Lubomira,Female
Agustina,Female
Beth,Female
Catalina,Female
Elsa,Female
1.8.7,Female
Tawny,Female
Presley,Female
Sharyn,Female
Kalliroi,Female
Ona,Female
Janette,Female
Aisha,Female
Caterina,Female
Isabela,Female
Candice,Female
Katrin,Female
Bunty,Female
Dayana,Female
Charmian,Female
Caryn,Female
Kamalinee,Female
Anikka,Female
Lela,Female
Anisha,Female
Vida,Female
Linky,Female
Chioma,Female
Blossom,Female
Kristinia,Female
Jorgelina,Female
Letitia,Female
Ayame,Female
Rea,Female
Hermine,Female
Jeon,Female
Lany,Female
Rawinda,Female
Jitka,Female
Hisami,Female
Tisca,Female
Theresa,Female
Dally,Female
Casey-Lee,Female
Izumi,Female
Consort,Female
Bridgette,Female
Ayesha,Female
Marge,Female
Elena,Female
Cassi,Female
Chantelle,Female
Ayi,Female
Grumpy,Female
Timea,Female
Mercedes,Female
Chay,Female
Lyndsey,Female
Maddison,Female
Rhondi,Female
Rachilde,Female
Shinta,Female
Lita,Female
Razane,Female
Neha,Female
Varsha,Female
AimÃ©e,Female
Roxy,Female
Sririta,Female
Sonia,Female
Dyllan,Female
Ferne,Female
Celine,Female
Shari,Female
Sapan,Female
DÃ_ra,Female
Ulrike,Female
Joi,Female
Montinee,Female
Lauri,Female
Nelli,Female
Stefani,Female
Brenda,Female
Gerti,Female
Sarah-Jane,Female
Anastasija,Female
Lizzie,Female
Soja,Female
Jessamyn,Female
Mitsuki,Female
Vyjayanthi,Female
Freda,Female
Lorielle,Female
Alisa,Female
Tara,Female
Reica,Female
Rheeya,Female
Aarti,Female
Barbora,Female
Asa,Female
Bogna,Female
Dia,Female
Suzuka,Female
Khadija,Female
Urszula,Female
Namrata,Female
Dolores,Female
Kyla,Female
Assata,Female
Shriya,Female
Lalitha,Female
Salma,Female
DÃ©bora,Female
Miia,Female
Tanu,Female
Prudence,Female
Ilana,Female
Porscha,Female
Nikita,Female
Khamerernebty,Female
Ashwini,Female
Siripan,Female
Eve,Female
Jullye,Female
Lolette,Female
Mikaela,Female
Elza,Female
Rie,Female
Kenia,Female
Tori,Female
Steffany,Female
Aki,Female
Naiktha,Female
Babz,Female
Yanina,Female
Meiliana,Female
Margarete,Female
Kerstin,Female
Fifi,Female
ChristÃ_na,Female
Mericien,Female
Estrella,Female
Nagisa,Female
Napaporn,Female
Tang,Female
Jenna,Female
Joanna,Female
Mariam,Female
Beata,Female
Cynthia,Female
Paolla,Female
Kami,Female
Momoe,Female
Yoko,Female
Keelin,Female
Tita,Female
Inna,Female
Leeanna,Female
Manon,Female
Rosana,Female
Shion,Female
Dorothea,Female
Inger,Female
Dayle,Female
Summer,Female
Junko,Female
Fritzi,Female
Karyn,Female
Rena,Female
Rossella,Female
Motoko,Female
Felia,Female
Anomie,Female
Corinna,Female
ElÅ_bieta,Female
HÃ©lÃ¨ne,Female
Claudine,Female
Jasmyn,Female
Namitha,Female
Nadja,Female
Yolanda,Female
Ashima,Female
Euphemia,Female
Victoria,Female
Idelisa,Female
Kotomi,Female
TÃ_mea,Female
Anja,Female
Erika,Female
Riki,Female
LaRue,Female
Valentina,Female
Rheta,Female
Uta,Female
Janice,Female
Frederique,Female
Stefanie,Female
Ajita,Female
Ginny,Female
Yuki,Female
Mahalia,Female
Nataliya,Female
Michaela,Female
Lauralee,Female
Vanda,Female
Marie,Female
Aisling,Female
Eirini,Female
Ella,Female
Myrtle,Female
Nastja,Female
Jessy,Female
Faith,Female
Adeline,Female
Jeannie,Female
Sheila,Female
Akiko,Female
Katalin,Female
Pernille,Female
Gabi,Female
Justine,Female
Jiah,Female
Aysel,Female
Bunney,Female
Shin,Female
Mercy,Female
Tania,Female
Lizz,Female
Linse,Female
Aggeliki,Female
Claire,Female
Dominika,Female
SalomÄ—ja,Female
Fiorella,Female
Vitina,Female
Ettie,Female
Beulah,Female
Vidya,Female
Cecilia,Female
Saeko,Female
Anna-Maria,Female
Janet,Female
Estelle,Female
Kiron,Female
Skye,Female
Annica,Female
Hallie,Female
Momoko,Female
Janina,Female
Ganthimathi,Female
Rebel,Female
NadÃ¨ge,Female
Olena,Female
Valery,Female
Raegan,Female
Justis,Female
Macall,Female
Vicky,Female
Zuhal,Female
Tatyana,Female
Eileen,Female
Oleksandra,Female
Skin,Female
Svetlana,Female
Naja,Female
Valentyna,Female
Brook,Female
Natascha,Female
Linnea,Female
Tahnee,Female
Fabienne,Female
Haruna,Female
Sachi,Female
Manisha,Female
Zsuzsanna,Female
Misa,Female
Hazel,Female
Vahina,Female
Christabel,Female
Dikken,Female
Martina,Female
Nevin,Female
Lourdes,Female
Giorgia,Female
Command,Female
Alexandra,Female
Elin,Female
Shanna,Female
Jong,Female
Lilian,Female
Mette,Female
Yoo,Female
Birgit,Female
Shama,Female
Albertina,Female
Mackenzie,Female
Kaitlin,Female
Hilarie,Female
Autumn,Female
Dwipamani,Female
Clara,Female
Rumyana,Female
Irawati,Female
Yasmeen,Female
Annabel,Female
Conchita,Female
Nexhmije,Female
Naemi,Female
Aphra,Female
Cicciolina,Female
Miou-Miou,Female
DÃ¡ja,Female
Rimma,Female
HÃ©noutsen,Female
Fasha,Female
Lyda,Female
Harley,Female
Glenda,Female
Marlies,Female
Nerene,Female
Candie,Female
Miriam,Female
Reby,Female
Awkwafina,Female
Sarita,Female
Pamela,Female
Katharina,Female
Georgie,Female
Marise,Female
Lucretia,Female
RenÃ©e,Female
Zhanna,Female
Jade,Female
Cherylee,Female
Anfisa,Female
Nica,Female
Anissa,Female
Liza,Female
Chelsey,Female
Shella,Female
Gowri,Female
Willow,Female
Endry,Female
Marian,Female
Lorenza,Female
Elissa,Female
Fernanda,Female
Annabelle,Female
Violet,Female
Ingeborg,Female
DiÄÅna,Female
Rose,Female
Carine,Female
Marcia,Female
Lotta,Female
Rikke,Female
VÃ©ronik,Female
Rosemarie,Female
Chanda,Female
Ginjer,Female
Valeriya,Female
Bernadette,Female
Gayatri,Female
Marisol,Female
Tura,Female
Phoebe,Female
Peng,Female
Trishala,Female
Liang,Female
Danijela,Female
Gerlinde,Female
Karle,Female
June,Female
Susana,Female
Trina,Female
Carissa,Female
InÃ¨s,Female
Pelin,Female
Laurie,Female
Fakhr-un-Nisa,Female
Patty,Female
Pauline,Female
Nicollette,Female
Luan,Female
Jessica,Female
Leonie,Female
Lyca,Female
Hao,Female
Glynis,Female
Damitha,Female
Mur,Female
Vedrana,Female
Tomoyo,Female
Oksana,Female
Margot,Female
Zana,Female
Martine,Female
Shermaine,Female
Hitomi,Female
Sigrid,Female
Charlaine,Female
Cathy,Female
Margareta,Female
Angela,Female
Ilse,Female
Rania,Female
MercÃ¨,Female
Cyndy,Female
Terri,Female
Bhanumati,Female
Bindi,Female
Kandice,Female
Suvi,Female
Lois,Female
Tonea,Female
Tericka,Female
Zouzou,Female
Jeanna,Female
Lyudmila,Female
Josefina,Female
Ruhanika,Female
Daniella,Female
Rada,Female
India,Female
Beryl,Female
Ogar,Female
Nadezhda,Female
Kaitlyn,Female
Sriya,Female
Leilani,Female
Yvonne,Female
Vibeke,Female
Marijke,Female
Ramya,Female
Bithia,Female
Daria,Female
Karen,Female
Rufina,Female
Kamila,Female
Liubou,Female
Bobbi,Female
CharlÃ¨ne,Female
Persenet,Female
Yelena,Female
Payne,Female
Hilde,Female
Sachie,Female
Satu,Female
KaÃºxuma,Female
Mira,Female
Phyliss,Female
Georgina,Female
Serena,Female
Evgenia,Female
Marylin,Female
Sonja,Female
Yusmay,Female
Delia,Female
Chesty,Female
GisÃ¨le,Female
Salka,Female
Priscila,Female
Sari,Female
Linoy,Female
Julie,Female
Bojana,Female
Els,Female
Monique,Female
Dolly,Female
Rachel,Female
Tian,Female
Tsvetelina,Female
Rhyon,Female
Woon,Female
Shreela,Female
Davida,Female
Purnima,Female
Mita,Female
Paprika,Female
Brittny,Female
Chepenoupet,Female
Nungnadda,Female
Steph,Female
Zhong,Female
Saskia,Female
Leto,Female
Carlotta,Female
Chanel,Female
Mardy,Female
Viva,Female
Elaine,Female
Liliana,Female
Matilda,Female
Yehudit,Female
Trisha,Female
Jasmin,Female
Ã‰lisabeth,Female
Carmen,Female
Ivonne,Female
Wiska,Female
Luo,Female
Anthea,Female
NoÃ©mie,Female
Coco,Female
Iveta,Female
Anni-Kristiina,Female
Vilma,Female
Begum,Female
Lenka,Female
Aleska,Female
Lorde,Female
Nadejda,Female
Tabu,Female
Paige,Female
Marit,Female
Norina,Female
Doha,Female
Amanda,Female
L'Wren,Female
Bibiana,Female
Jacqui,Female
Arlene,Female
Katy,Female
Bessie,Female
Edna,Female
Lally,Female
Else,Female
Dvora,Female
Halina,Female
Aglaia,Female
CÄƒtÄƒlina,Female
Elli,Female
Ä°pek,Female
Andreea,Female
Diana,Female
OcÃ©ane,Female
Lynne,Female
Manuela,Female
MÃ©lodie,Female
Lim,Female
Danielle,Female
Sarayu,Female
Tatjana,Female
Sheetal,Female
Maddie,Female
Karla,Female
Zina,Female
Ritsuko,Female
Saina,Female
Rosel,Female
Uliana,Female
KÃ¡tia,Female
Adriana,Female
Sara,Female
Twosret,Female
Indy,Female
Charlotte,Female
Lolita,Female
Lesliana,Female
Solveig,Female
Ambika,Female
Meike,Female
Veronica,Female
Barbara,Female
TaÃ_s,Female
Milica,Female
Naru,Female
Alexa,Female
Sisely,Female
Sadhana,Female
Lilith,Female
JiÅ™ina,Female
Lyubov,Female
Pooja,Female
Matea,Female
Eteri,Female
Manasy,Female
Tanaaz,Female
Lidia,Female
Joli,Female
ITF,Female
Isolde,Female
Wong,Female
Anelia,Female
Sunitha,Female
Pan,Female
Hazel-Ann,Female
Steliana,Female
Korliss,Female
Ramona,Female
Karylle,Female
Dannii,Female
Heather,Female
Jiang,Female
Sally,Female
Phillis,Female
Jia,bothSex
Joan,bothSex
Anne,bothSex
Chandra,bothSex
Aubrey,bothSex
Maxim,bothSex
Sydney,bothSex
Ng,bothSex
Deng,bothSex
Stacy,bothSex
Peggy,bothSex
Kong,bothSex
Courtney,bothSex
Ola,bothSex
Robin,bothSex
Casey,bothSex
Alex,bothSex
Joe,bothSex
Lucas,bothSex
Bao,bothSex
Gigi,bothSex
Antonie,bothSex
Zhu,bothSex
Erroll,bothSex
Yuri,bothSex
Park,bothSex
Leo,bothSex
John,bothSex
Rickey,bothSex
Brennan,bothSex
Leslie,bothSex
Madison,bothSex
Britt,bothSex
Kim,bothSex
Xiong,bothSex
Pat,bothSex
Jackie,bothSex
Fu,bothSex
Tony,bothSex
Dani,bothSex
Shelley,bothSex
Go,bothSex
Yu,bothSex
Cheung,bothSex
Jordan,bothSex
An,bothSex
Lee,bothSex
Emery,bothSex
Chris,bothSex
He,bothSex
Fan,bothSex
Candy,bothSex
Kelly,bothSex
Gabriele,bothSex
Marion,bothSex
Huang,bothSex
Ali,bothSex
Jean,bothSex
Kamal,bothSex
Tyler,bothSex
Rosario,bothSex
Wang,bothSex
Zhou,bothSex
Henny,bothSex
Jamie,bothSex
Gabby,bothSex
Zheng,bothSex
Meng,bothSex
Lynn,bothSex
Hu,bothSex
Xu,bothSex
Isa,bothSex
Lu,bothSex
Cai,bothSex
Bernie,bothSex
Sam,bothSex
Dylan,bothSex
Frankie,bothSex
Terry,bothSex
Nicola,bothSex
Madhur,bothSex
Randy,bothSex
Makoto,bothSex
Laurence,bothSex
Shelby,bothSex
Kerry,bothSex
Taylor,bothSex
Andy,bothSex
Lindsey,bothSex
Rene,bothSex
Han,bothSex
Robbie,bothSex
Jan,bothSex
Dominique,bothSex
Gong,bothSex
Mika,bothSex
Chin,bothSex
Jang,bothSex
Troy,bothSex
Kris,bothSex
Chan,bothSex
DJ,bothSex
Tracy,bothSex
Ryan,bothSex
Dee,bothSex
LÃ_,bothSex
Brett,bothSex
Lonnie,bothSex
MariÃ¡n,bothSex
Lindsay,bothSex
Gale,bothSex
The,bothSex
Dash,bothSex
Saki,bothSex
Liu,bothSex
Toby,bothSex
Sun,bothSex
Ljuba,bothSex
Chen,bothSex
Shannon,bothSex
Pancho,bothSex
Tan,bothSex
Jani,bothSex
Devon,bothSex
Charlie,bothSex
Nikola,bothSex
Patrice,bothSex
Yang,bothSex
Marin,bothSex
Sully,bothSex
Duffy,bothSex
Barrett,bothSex
Zhang,bothSex
Andrea,bothSex
Remy,bothSex
Camille,bothSex
Drew,bothSex
Li,bothSex
Pang,bothSex
Jax,bothSex
Stevie,bothSex
Jaime,bothSex
Ari,bothSex
Sasha,bothSex
Lin,bothSex
Ji,bothSex
Dana,bothSex
Ashley,bothSex
Kiki,bothSex
Cameron,bothSex
George,bothSex
Cal,bothSex
Toni,bothSex
Eden,bothSex
Tai,bothSex
Wu,bothSex
Akira,bothSex