index,prenom
0,Rostand
1,Claire
2,Alain
3,Pascale
4,Marie
5,Talel
6,Anthony
7,Emna
8,Bernard
9,Rabia
10,Sylvie
11,Jérôme
12,Marius
13,Marc
14,Fabrice
15,Marwan
16,Aurélie
17,Christophe
18,Gaël
19,Hanane
20,Mustapha
21,Tarn
22,Badre
23,Musab
24,Jérémy
25,Olivier
30,Romain
31,Sofian
32,Mark
33,Michel
34,Jorge
35,Enrique
36,Philippe
38,Alexandre
39,Xavier
40,Aichetou
44,Sarra
45,Inès
48,Robin
49,Adrien
50,Julien
51,Benjamin
52,François
53,Pierrick
55,Yoanne
56,Salma
57,Véronique
58,Ali
59,Emmanuelle
60,Clément
62,Manel
64,Pierre
65,Myriam
66,Antoine
67,Etienne
68,Marie-Aude
69,Pascal
70,Nicolas
71,Zaineb
72,Christine
75,Kévin
76,Damien
77,Frédérique
78,Lamine
79,Cheikh
80,Arnaud
81,Dominique
83,Iwo
84,Simon
86,Abdeljalil
87,Mohcine
88,Hafdalla
89,Fatima
90,Ernesto
92,René-Michel
93,Hemza
94,Mohamed
95,Hajer
97,Xinyu
98,Oussama
100,Pierre-François
101,Sènami
104,Olfa
105,Nedra
107,Herman
108,Noureddine
109,Karima
110,Samy
111,Amira
115,Oualid
117,Baptiste
118,Osmar
120,Dylan
122,Guillaume
123,Jean-François
124,Chedy
125,Mehdi
133,Abdelhamid
134,Saïd
135,Lakhdar
136,Yakoub
138,Omar
140,Christian
143,Thomas
144,Gaëtan
147,Zhi
148,Frédéric
149,Nazha
153,Hubert
154,Brieuc
156,Lydia
159,Cyril
160,Gouenou
161,Yann
162,David
164,André
165,Florent
167,George
168,Maísa
172,Shin&apos;ichi
174,Jean-Charles
175,Françoise
176,Tarek
178,Jean-Benoît
182,Abdelmalek
183,Reda
185,Rafik
187,Zohra
188,Dino
189,Konstantin
190,Violaine
192,Mahfoud
195,Zaia
197,Fethi
198,Amel
199,Zakia
200,Raja
201,Rami
202,Rim
203,Aymen
204,William
205,Hélène
209,Vincent
214,Fabien
215,Moustafa
217,Zakaria
218,Amine
219,Anass
220,Lahcen
221,Abdelhadi
222,Charles
226,Bertjan
227,Benoît
228,Patricia
230,Emmanuel
233,Agnès
235,Chiraz
236,Bruno
240,Leila
241,Sabine
243,Eric
245,Ahlem
246,Marco
247,Jean-Marie
248,Sayda
249,Karim
250,Allel
252,Boutheina
253,Issam
255,Rushed
262,Jordan
264,Mihaela
265,Mohammed
268,Ioanna
269,Fatiha
270,Rallou
271,Natalia
272,Niña
274,Armelle
275,Anne
278,Edmond
279,Christel
280,Billel
281,Nadia
282,Fadila
284,Bissan
287,Boris
288,Flavien
290,Saaid
291,Dan
293,Naouel
294,Baghdad
295,Bouziane
299,Nacéra
300,Coriane
301,Antonio
302,Gianluca
305,Frank
313,Mathieu
319,Martine
320,Yves
323,Danny
325,Yoan
327,M.
334,Patrick
336,Régis
338,Dana
340,Florence
341,Caroline
343,Laurent
344,Khaled
347,Elöd
348,Mathias
349,Alexandra
356,Elise
359,Didier
363,Chedi
364,Hatem
365,Nathalie
366,Davide
367,Catherine
368,Mouna
370,Jean-Emile
373,Youcef
375,Ghada
377,Henda
380,Chahrazed
383,Manuel
384,Éric
385,Abdullah
387,Dhafer
391,Dumitru-Clementin
392,Stefan
399,Minyar
401,Bin-Hui
402,Einoshin
407,Thi-Bich-Hanh
408,Khanh-Chuong
410,Estelle
412,Léa
413,Samuel
418,Nhat-Quang
423,Marianne
424,Clémentine
425,Sylvain
427,Aymeric
430,Stéphane
433,Elias
435,Toon
438,Amedeo
439,Lina
440,Gabriel
441,Julie
451,Modou
454,Muhammad
455,Giuseppe
456,Imen
458,Rachid
461,Nourhène
462,Sadok
464,Willy
467,Jean-Yves
468,Maha
471,Rémi
473,Jean
474,Chabane
478,Zahi
483,Isabelle
484,Moussa
486,Max
487,Chantal
491,Arthur
493,Gilbert
494,Christiane
496,Iana
497,Jean-Pierre
498,Souad
501,Lobna
502,Ahmed
507,Khalil
511,Nhan
512,Paula
513,Géraldine
517,Reto
525,Justine
527,Laurie
528,Francisco
529,Filipe
531,Thierry
536,Renata
538,Hassan
540,Salvatore-Antoine
541,Nicole
542,Ayale
544,The
548,Elsa
549,Samir
550,Ioan
553,Pavel
554,Sébastien
562,Freddy
570,Ricardo
571,José
573,Cristina
575,Lidia
576,Rosanna
578,Marie-Jeanne
580,Bernadette
584,Yassine
585,Adel
593,Yahia
594,Abdelkader
596,Amyn
597,Hakim
600,Jacques
601,Alexis
607,Henri
609,Patrice
610,Juliette
611,Liliana
612,Abir
613,Guénaël
614,Younès
621,Lionel
631,Eya
635,Hana
636,Sami
638,Teh
639,Monique
640,Benoit
643,Morgan
644,Jonathan
646,Daniel
649,Maylis
650,Guy
664,Audrey
667,Nacim
671,Adeline
675,Marie-Luce
682,Grégory
683,Tassadit
684,Sandra
686,Maguelonne
689,Siwar
690,Dorra
692,Doulkifli
695,Menaouer
697,Mostéfa
698,Hanen
700,Riadh
709,Anna
714,Ibrahim
716,Loic
718,Fadi
728,Henry
829,Sofiane
830,Mokrane
831,Dimitre
834,Edwin
835,Wassim
836,Emanuel
838,Tomàs
839,Josep
840,Enric
846,Suzanne
850,Arriel
851,Mélanie
860,Paolo
864,Cecilia
865,Denis
869,Farid
871,Loïc
874,Malika
879,Danielle
880,Eunika
882,Lucie
885,Yudi
886,Budi
888,Tao-Yuan
889,Amélie
892,Yannick
893,Lisa
896,Ousmane
897,Hanine
898,Mickaël
901,Thanh-Nghi
903,Nguyen-Khang
909,Matthieu
916,Jean-Marc
920,Ladjel
922,Mimoun
926,Francky
927,Marc-Ismaël
928,Kavé
932,Sujeevan
933,Amjad
937,Mondher
939,Albert
940,Antoni
944,Anouar
945,Khalid
946,Fazia
949,Nabil
952,Henri-Maxime
954,Anouck
959,Imène
963,François-Élie
975,Georges
978,Jacques-Henri
979,Noël
984,Alpha
985,Ahlame
988,Laura
989,Alexandrina
991,Trinh
994,Jean-Daniel
996,Brahim
997,Cherif
998,Yahya
1000,Céline
1001,Faïza
1007,Lylia
1008,Danièle
1011,Le
1013,Pham
1017,Jean-Philippe
1021,Bénédicte
1024,Sergio
1025,Marilys
1036,Rokia
1041,Hans-Hermann
1042,Aliou
1047,Barbara
1049,Luigi
1051,Bertrand
1054,C.
1058,Rémy
1063,Valentina
1071,Engelbert
1075,Eduardo
1076,Anne-Marie
1079,Mohand-Said
1086,Jesús
1087,Domingo
1089,Hunor
1096,Zahra
1099,Edwige
1101,Abdourahamane
1103,Brigitte
1112,Delphine
1113,Laure
1116,Marie-Christine
1120,Iwona
1122,Mounira
1128,Zaïdi
1129,Ziad
1131,Noura
1133,Najoua
1136,Franck
1149,Nadjim
1150,Karine
1152,Annie
1160,Quang
1163,Stanislas
1166,Irina
1167,Djamel
1177,Rose
1185,Fadoua
1186,Abderrahim
1187,Siham
1188,Driss
1191,Eugen
1195,Jean-Paul
1196,Hicham
1198,Abdelaziz
1236,Sergiu
1240,Gérard
1244,Raphaël
1253,Tuyet-Tram
1254,Virginie
1257,Lynne
1262,Oriane
1264,Cédric
1268,Abdenour
1274,Cécile
1275,Valérie
1276,Abdelghani
1277,Anand
1279,Paul
1281,Francesca
1282,Livio
1293,Mohand
1294,Hamid
1296,Sarah
1298,Séverine
1301,Teddy
1303,Joseph
1305,Annick
1307,Oswaldo
1308,Nada
1309,Jean-Louis
1310,Pierre-Antoine
1315,Yeow
1319,Anicet
1325,Mireille
1332,Gaëlle
1335,Ollivier
1339,Tiphaine
1340,Aurélien
1342,Kamel
1346,Imed
1348,Sebastien
1351,Gilles
1356,Michèle
1359,Jaume
1360,Gemma
1371,Francis
1374,Asma
1376,Anne-Cécile
1380,Rosine
1381,Lotfi
1384,Joël
1386,Christopher
1387,Nadine
1389,Kokou
1390,Hermine
1397,Attilio
1398,Lorenza
1400,Marie-Paule
1406,Serge
1409,Nourdine
1412,Youssef
1413,Liming
1415,François-Xavier
1422,Jean-Sylvain
1423,Érick
1424,Ikram
1443,Joost
1444,Radboud
1445,Bianka
1446,Luc
1453,Cyrille
1455,Sophie
1457,Jean-Hugues
1458,Ricco
1462,Azedine
1479,Hugues
1485,Aïcha
1496,Mounir
1500,Thierno
1508,Hanêne
1509,Walid
1526,Jean-Jacques
1537,Alain-Jérôme
1540,Béatrice
1541,Chirine
1553,Radwan
