index,prenom,sex
0,Rostand,?
1,Claire,?
2,Alain,?
3,Pascale,?
4,Marie,?
5,Talel,?
6,Anthony,?
7,Emna,?
8,Bernard,?
9,Rabia,?
10,Sylvie,?
11,J̩r̫me,?
12,Marius,?
13,Marc,?
14,Fabrice,?
15,Marwan,?
16,Aur̩lie,?
17,Christophe,?
18,Gael,?
19,Hanane,?
20,Mustapha,?
21,Tarn,?
22,Badre,?
23,Musab,?
24,J̩r̩my,?
25,Olivier,?
26,Badre,?
27,J̩r̩my,?
28,Musab,?
29,Olivier,?
30,Romain,?
31,Sofian,?
32,Mark,?
33,Michel,?
34,Jorge,?
35,Enrique,?
36,Philippe,?
37,Philippe,?
38,Alexandre,?
39,Xavier,?
40,Aichetou,?
41,Marc,?
42,Fabrice,?
43,Fabrice,?
44,Sarra,?
45,In̬s,?
46,Sarra,?
47,In̬s,?
48,Robin,?
49,Adrien,?
50,Julien,?
51,Benjamin,?
52,Fran̤ois,?
53,Pierrick,?
54,Philippe,?
55,Yoanne,?
56,Salma,?
57,V̩ronique,?
58,Ali,?
59,Emmanuelle,?
60,Cl̩ment,?
61,Julien,?
62,Manel,?
63,Emmanuelle,?
64,Pierre,?
65,Myriam,?
66,Antoine,?
67,Etienne,?
68,Marie-Aude,?
69,Pascal,?
70,Nicolas,?
71,Zaineb,?
72,Christine,?
73,Ga��l,?
74,Mustapha,?
75,K̩vin,?
76,Damien,?
77,Fr̩d̩rique,?
78,Lamine,?
79,Cheikh,?
80,Arnaud,?
81,Dominique,?
82,Arnaud,?
83,Iwo,?
84,Simon,?
85,Christophe,?
86,Abdeljalil,?
87,Mohcine,?
88,Hafdalla,?
89,Fatima,?
90,Ernesto,?
91,Nicolas,?
92,Ren̩-Michel,?
93,Hemza,?
94,Mohamed,?
95,Hajer,?
96,Julien,?
97,Xinyu,?
98,Oussama,?
99,Nicolas,?
100,Pierre-Fran̤ois,?
101,S̬nami,?
102,Nicolas,?
103,Marc,?
104,Olfa,?
105,Nedra,?
106,Hajer,?
107,Herman,?
108,Noureddine,?
109,Karima,?
110,Samy,?
111,Amira,?
112,Badre,?
113,J̩r̩my,?
114,Olivier,?
115,Oualid,?
116,Christine,?
117,Baptiste,?
118,Osmar,?
119,Alexandre,?
120,Dylan,?
121,Dylan,?
122,Guillaume,?
123,Jean-Fran̤ois,?
124,Chedy,?
125,Mehdi,?
126,Aichetou,?
127,Marc,?
128,Fabrice,?
129,Fabrice,?
130,Aichetou,?
131,Marc,?
132,Fabrice,?
133,Abdelhamid,?
134,Sa��d,?
135,Lakhdar,?
136,Yakoub,?
137,Mohamed,?
138,Omar,?
139,Christophe,?
140,Christian,?
141,Pierrick,?
142,Olivier,?
143,Thomas,?
144,Ga��tan,?
145,Guillaume,?
146,Dominique,?
147,Zhi,?
148,Fr̩d̩ric,?
149,Nazha,?
150,Emmanuelle,?
151,Pierre,?
152,Myriam,?
153,Hubert,?
154,Brieuc,?
155,Alain,?
156,Lydia,?
157,Alexandre,?
158,Benjamin,?
159,Cyril,?
160,Gouenou,?
161,Yann,?
162,David,?
163,Thomas,?
164,Andr̩,?
165,Florent,?
166,Florent,?
167,George,?
168,Ma�_sa,?
169,Pierre,?
170,Adrien,?
171,Benjamin,?
172,Shin&apos;ichi,?
173,Nicolas,?
174,Jean-Charles,?
175,Fran̤oise,?
176,Tarek,?
177,Fabrice,?
178,Jean-Benǫt,?
179,Talel,?
180,Hubert,?
181,Mohamed,?
182,Abdelmalek,?
183,Reda,?
184,Fatima,?
185,Rafik,?
186,Manel,?
187,Zohra,?
188,Dino,?
189,Konstantin,?
190,Violaine,?
191,Nicolas,?
192,Mahfoud,?
193,Oussama,?
194,Omar,?
195,Zaia,?
196,Thomas,?
197,Fethi,?
198,Amel,?
199,Zakia,?
200,Raja,?
201,Rami,?
202,Rim,?
203,Aymen,?
204,William,?
205,H̩l̬ne,?
206,Olivier,?
207,Oualid,?
208,Christine,?
209,Vincent,?
210,Alain,?
211,Guillaume,?
212,Mehdi,?
213,Marc,?
214,Fabien,?
215,Moustafa,?
216,Jean-Fran̤ois,?
217,Zakaria,?
218,Amine,?
219,Anass,?
220,Lahcen,?
221,Abdelhadi,?
222,Charles,?
223,Julien,?
224,Pierrick,?
225,Philippe,?
226,Bertjan,?
227,Benǫt,?
228,Patricia,?
229,Jean-Fran̤ois,?
230,Emmanuel,?
231,Cl̩ment,?
232,Nicolas,?
233,Agn̬s,?
234,Mohamed,?
235,Chiraz,?
236,Bruno,?
237,Arnaud,?
238,Arnaud,?
239,Mohamed,?
240,Leila,?
241,Sabine,?
242,Julien,?
243,Eric,?
244,Thomas,?
245,Ahlem,?
246,Marco,?
247,Jean-Marie,?
248,Sayda,?
249,Karim,?
250,Allel,?
251,Mohamed,?
252,Boutheina,?
253,Issam,?
254,Manel,?
255,Rushed,?
256,J̩r̩my,?
257,Alain,?
258,J̩r̩my,?
259,Alain,?
260,J̩r̩my,?
261,Alain,?
262,Jordan,?
263,Christine,?
264,Mihaela,?
265,Mohammed,?
266,Mustapha,?
267,Hanane,?
268,Ioanna,?
269,Fatiha,?
270,Rallou,?
271,Natalia,?
272,Ni̱a,?
273,Benjamin,?
274,Armelle,?
275,Anne,?
276,Marie,?
277,Guillaume,?
278,Edmond,?
279,Christel,?
280,Billel,?
281,Nadia,?
282,Fadila,?
283,Omar,?
284,Bissan,?
285,Philippe,?
286,Michel,?
287,Boris,?
288,Flavien,?
289,Philippe,?
290,Saaid,?
291,Dan,?
292,Fatiha,?
293,Naouel,?
294,Baghdad,?
295,Bouziane,?
296,William,?
297,H̩l̬ne,?
298,Olivier,?
299,Nac̩ra,?
300,Coriane,?
301,Antonio,?
302,Gianluca,?
303,Noureddine,?
304,Pascale,?
305,Frank,?
306,Julien,?
307,Guillaume,?
308,Mehdi,?
309,Chedy,?
310,Jean-Fran̤ois,?
311,Flavien,?
312,Pascal,?
313,Mathieu,?
314,Sarra,?
315,In̬s,?
316,Pierrick,?
317,Olivier,?
318,Philippe,?
319,Martine,?
320,Yves,?
321,Mathieu,?
322,Pascal,?
323,Danny,?
324,Pascal,?
325,Yoan,?
326,Aur̩lie,?
327,M.,?
328,Christophe,?
329,Amine,?
330,Hanane,?
331,Mustapha,?
332,Vincent,?
333,Vincent,?
334,Patrick,?
335,Guillaume,?
336,R̩gis,?
337,Fran̤ois,?
338,Dana,?
339,Andr̩,?
340,Florence,?
341,Caroline,?
342,Alexandre,?
343,Laurent,?
344,Khaled,?
345,David,?
346,Christine,?
347,El̦d,?
348,Mathias,?
349,Alexandra,?
350,Benǫt,?
351,Michel,?
352,Khaled,?
353,Fadila,?
354,Nadia,?
355,Omar,?
356,Elise,?
357,Marc,?
358,Jean-Fran̤ois,?
359,Didier,?
360,Nicolas,?
361,Vincent,?
362,Anthony,?
363,Chedi,?
364,Hatem,?
365,Nathalie,?
366,Davide,?
367,Catherine,?
368,Mouna,?
369,Ga��l,?
370,Jean-Emile,?
371,Fatiha,?
372,Baghdad,?
373,Youcef,?
374,Naouel,?
375,Ghada,?
376,Hajer,?
377,Henda,?
378,Alexandre,?
379,Lydia,?
380,Chahrazed,?
381,Mathias,?
382,Christine,?
383,Manuel,?
384,��ric,?
385,Abdullah,?
386,Marc,?
387,Dhafer,?
388,Thomas,?
389,Damien,?
390,J̩r̫me,?
391,Dumitru-Clementin,?
392,Stefan,?
393,Amine,?
394,Mustapha,?
395,Hanane,?
396,Olivier,?
397,Karim,?
398,Mohamed,?
399,Minyar,?
400,Mohamed,?
401,Bin-Hui,?
402,Einoshin,?
403,David,?
404,Christine,?
405,El̦d,?
406,Mathias,?
407,Thi-Bich-Hanh,?
408,Khanh-Chuong,?
409,Christel,?
410,Estelle,?
411,Laurent,?
412,L̩a,?
413,Samuel,?
414,Mohamed,?
415,Julien,?
416,Sabine,?
417,Leila,?
418,Nhat-Quang,?
419,Hanane,?
420,Mustapha,?
421,Xavier,?
422,Florence,?
423,Marianne,?
424,Cl̩mentine,?
425,Sylvain,?
426,Nicolas,?
427,Aymeric,?
428,Laurent,?
429,David,?
430,St̩phane,?
431,Nicolas,?
432,Anthony,?
433,Elias,?
434,Chedy,?
435,Toon,?
436,Thomas,?
437,Nicolas,?
438,Amedeo,?
439,Lina,?
440,Gabriel,?
441,Julie,?
442,Nicolas,?
443,Dominique,?
444,Marc,?
445,Arnaud,?
446,Dominique,?
447,Arnaud,?
448,Nicolas,?
449,Fabien,?
450,Pascale,?
451,Modou,?
452,Talel,?
453,Hubert,?
454,Muhammad,?
455,Giuseppe,?
456,Imen,?
457,Rim,?
458,Rachid,?
459,Omar,?
460,Fadila,?
461,Nourh̬ne,?
462,Sadok,?
463,Myriam,?
464,Willy,?
465,Thomas,?
466,Pascal,?
467,Jean-Yves,?
468,Maha,?
469,Aymen,?
470,Rim,?
471,R̩mi,?
472,Amel,?
473,Jean,?
474,Chabane,?
475,Mustapha,?
476,Mohamed,?
477,Nicolas,?
478,Zahi,?
479,Saaid,?
480,Dan,?
481,Adrien,?
482,Fabien,?
483,Isabelle,?
484,Moussa,?
485,Christian,?
486,Max,?
487,Chantal,?
488,Mohamed,?
489,Baghdad,?
490,Anne,?
491,Arthur,?
492,Jean-Fran̤ois,?
493,Gilbert,?
494,Christiane,?
495,Marc,?
496,Iana,?
497,Jean-Pierre,?
498,Souad,?
499,Tarek,?
500,Sadok,?
501,Lobna,?
502,Ahmed,?
503,Marc,?
504,Marc,?
505,Romain,?
506,Fabrice,?
507,Khalil,?
508,Catherine,?
509,Bruno,?
510,Olivier,?
511,Nhan,?
512,Paula,?
513,G̩raldine,?
514,Michel,?
515,Guillaume,?
516,Nicolas,?
517,Reto,?
518,Gilbert,?
519,Emmanuel,?
520,Davide,?
521,Guillaume,?
522,Gael,?
523,Vincent,?
524,Cl̩ment,?
525,Justine,?
526,Arnaud,?
527,Laurie,?
528,Francisco,?
529,Filipe,?
530,Yves,?
531,Thierry,?
532,Amine,?
533,Mustapha,?
534,Hanane,?
535,Raja,?
536,Renata,?
537,Zakia,?
538,Hassan,?
539,Florence,?
540,Salvatore-Antoine,?
541,Nicole,?
542,Ayale,?
543,Thierry,?
544,The,?
545,Emmanuel,?
546,Julien,?
547,Patrick,?
548,Elsa,?
549,Samir,?
550,Ioan,?
551,Thierry,?
552,Chabane,?
553,Pavel,?
554,S̩bastien,?
555,Olivier,?
556,Nicolas,?
557,Guillaume,?
558,Catherine,?
559,Michel,?
560,Fabien,?
561,Guillaume,?
562,Freddy,?
563,Baghdad,?
564,Mohamed,?
565,Baghdad,?
566,Mohamed,?
567,Bouziane,?
568,Hanane,?
569,Mustapha,?
570,Ricardo,?
571,Jos̩,?
572,Jos̩,?
573,Cristina,?
574,Antonio,?
575,Lidia,?
576,Rosanna,?
577,Thomas,?
578,Marie-Jeanne,?
579,Herman,?
580,Bernadette,?
581,Fatiha,?
582,Baghdad,?
583,Bouziane,?
584,Yassine,?
585,Adel,?
586,Thierry,?
587,Chabane,?
588,Yassine,?
589,Tarek,?
590,Thierry,?
591,Chabane,?
592,Moussa,?
593,Yahia,?
594,Abdelkader,?
595,Baghdad,?
596,Amyn,?
597,Hakim,?
598,Arnaud,?
599,Alain,?
600,Jacques,?
601,Alexis,?
602,Marc,?
603,Marc,?
604,Agn̬s,?
605,Nicolas,?
606,Mihaela,?
607,Henri,?
608,Dan,?
609,Patrice,?
610,Juliette,?
611,Liliana,?
612,Abir,?
613,Gu̩na��l,?
614,Youn̬s,?
615,Gu̩na��l,?
616,Youn̬s,?
617,Laurent,?
618,Thomas,?
619,Sylvie,?
620,Philippe,?
621,Lionel,?
622,David,?
623,Aymeric,?
624,St̩phane,?
625,Mouna,?
626,Arnaud,?
627,Boutheina,?
628,Guillaume,?
629,Ga��l,?
630,Vincent,?
631,Eya,?
632,Mohamed,?
633,Pierre,?
634,S̩bastien,?
635,Hana,?
636,Sami,?
637,Sami,?
638,Teh,?
639,Monique,?
640,Benoit,?
641,David,?
642,Patrick,?
643,Morgan,?
644,Jonathan,?
645,Antoine,?
646,Daniel,?
647,Romain,?
648,Bruno,?
649,Maylis,?
650,Guy,?
651,R̩mi,?
652,Ahmed,?
653,Ioan,?
654,Chabane,?
655,Sarra,?
656,Sadok,?
657,Anne,?
658,Pascal,?
659,Hanane,?
660,Mustapha,?
661,Emna,?
662,St̩phane,?
663,Jos̩,?
664,Audrey,?
665,Philippe,?
666,Yassine,?
667,Nacim,?
668,Thierry,?
669,Chabane,?
670,Rim,?
671,Adeline,?
672,Sylvie,?
673,Alexis,?
674,Benǫt,?
675,Marie-Luce,?
676,Alexis,?
677,Vincent,?
678,Marc,?
679,Patrick,?
680,Allel,?
681,Olivier,?
682,Gr̩gory,?
683,Tassadit,?
684,Sandra,?
685,Pascal,?
686,Maguelonne,?
687,Lydia,?
688,Hanane,?
689,Siwar,?
690,Dorra,?
691,Noureddine,?
692,Doulkifli,?
693,Omar,?
694,Marc,?
695,Menaouer,?
696,Baghdad,?
697,Most̩fa,?
698,Hanen,?
699,Tarek,?
700,Riadh,?
701,Sadok,?
702,Sandra,?
703,Anne,?
704,Pascal,?
705,Mathieu,?
706,Maguelonne,?
707,Michel,?
708,Catherine,?
709,Anna,?
710,Gu̩na��l,?
711,Youn̬s,?
712,Fr̩d̩ric,?
713,Francisco,?
714,Ibrahim,?
715,Sofian,?
716,Loic,?
717,Mohamed,?
718,Fadi,?
719,Fadi,?
720,Jean,?
721,Sylvie,?
722,Nathalie,?
723,Adeline,?
724,Nathalie,?
725,Nadia,?
726,��ric,?
727,Jean,?
728,Henry,?
729,Audrey,?
730,Eya,?
731,Mohamed,?
732,Pierre,?
733,S̩bastien,?
734,Hana,?
735,Sami,?
736,Sami,?
737,Teh,?
738,Monique,?
739,Benoit,?
740,David,?
741,Patrick,?
742,Morgan,?
743,Jonathan,?
744,Antoine,?
745,Daniel,?
746,Romain,?
747,Bruno,?
748,Maylis,?
749,Guy,?
750,R̩mi,?
751,Ahmed,?
752,Ioan,?
753,Chabane,?
754,Sarra,?
755,Sadok,?
756,Anne,?
757,Pascal,?
758,Hanane,?
759,Mustapha,?
760,Emna,?
761,St̩phane,?
762,Jos̩,?
763,Audrey,?
764,Philippe,?
765,Yassine,?
766,Nacim,?
767,Thierry,?
768,Chabane,?
769,Rim,?
770,Adeline,?
771,Sylvie,?
772,Alexis,?
773,Benǫt,?
774,Marie-Luce,?
775,Alexis,?
776,Vincent,?
777,Marc,?
778,Patrick,?
779,Allel,?
780,Olivier,?
781,Gr̩gory,?
782,Tassadit,?
783,Sandra,?
784,Pascal,?
785,Maguelonne,?
786,Lydia,?
787,Hanane,?
788,Siwar,?
789,Dorra,?
790,Noureddine,?
791,Doulkifli,?
792,Omar,?
793,Marc,?
794,Menaouer,?
795,Baghdad,?
796,Most̩fa,?
797,Hanen,?
798,Tarek,?
799,Riadh,?
800,Sadok,?
801,Sandra,?
802,Anne,?
803,Pascal,?
804,Mathieu,?
805,Maguelonne,?
806,Michel,?
807,Catherine,?
808,Anna,?
809,Gu̩na��l,?
810,Youn̬s,?
811,Fr̩d̩ric,?
812,Francisco,?
813,Ibrahim,?
814,Sofian,?
815,Loic,?
816,Mohamed,?
817,Fadi,?
818,Fadi,?
819,Jean,?
820,Sylvie,?
821,Nathalie,?
822,Adeline,?
823,Nathalie,?
824,Nadia,?
825,��ric,?
826,Jean,?
827,Henry,?
828,Audrey,?
829,Sofiane,?
830,Mokrane,?
831,Dimitre,?
832,St̩phane,?
833,Filipe,?
834,Edwin,?
835,Wassim,?
836,Emanuel,?
837,Isabelle,?
838,Tom��s,?
839,Josep,?
840,Enric,?
841,Emna,?
842,St̩phane,?
843,Flavien,?
844,Julien,?
845,Edwin,?
846,Suzanne,?
847,Nicolas,?
848,Mathieu,?
849,Jacques,?
850,Arriel,?
851,M̩lanie,?
852,Alain,?
853,Jean-Pierre,?
854,Pierre,?
855,Aur̩lie,?
856,Florence,?
857,Agn̬s,?
858,Marc,?
859,Romain,?
860,Paolo,?
861,Fabien,?
862,Alexis,?
863,Fran̤ois,?
864,Cecilia,?
865,Denis,?
866,Gu̩na��l,?
867,Youn̬s,?
868,Dominique,?
869,Farid,?
870,Farid,?
871,Lo��c,?
872,J̩r̩my,?
873,Jean-Fran̤ois,?
874,Malika,?
875,Yves,?
876,Gilbert,?
877,Mohamed,?
878,Stefan,?
879,Danielle,?
880,Eunika,?
881,Guillaume,?
882,Lucie,?
883,Nicolas,?
884,Anne,?
885,Yudi,?
886,Budi,?
887,Dominique,?
888,Tao-Yuan,?
889,Am̩lie,?
890,Jean,?
891,Emmanuel,?
892,Yannick,?
893,Lisa,?
894,Anne,?
895,Maguelonne,?
896,Ousmane,?
897,Hanine,?
898,Micka��l,?
899,Isabelle,?
900,Mathieu,?
901,Thanh-Nghi,?
902,St̩phane,?
903,Nguyen-Khang,?
904,Philippe,?
905,Christophe,?
906,Pierre,?
907,Christian,?
908,Alain,?
909,Matthieu,?
910,Lionel,?
911,Fran̤oise,?
912,Fabrice,?
913,Pascal,?
914,Fr̩d̩ric,?
915,S̩bastien,?
916,Jean-Marc,?
917,Alain,?
918,Abdelmalek,?
919,Zakaria,?
920,Ladjel,?
921,Michel,?
922,Mimoun,?
923,Xavier,?
924,Fr̩d̩ric,?
925,Pascale,?
926,Francky,?
927,Marc-Isma��l,?
928,Kav̩,?
929,Patrick,?
930,Leila,?
931,Sylvie,?
932,Sujeevan,?
933,Amjad,?
934,Dominique,?
935,Bruno,?
936,Emna,?
937,Mondher,?
938,Jos̩,?
939,Albert,?
940,Antoni,?
941,Nicolas,?
942,Mathieu,?
943,Jacques,?
944,Anouar,?
945,Khalid,?
946,Fazia,?
947,Alexandre,?
948,Bruno,?
949,Nabil,?
950,Marc,?
951,Romain,?
952,Henri-Maxime,?
953,St̩phane,?
954,Anouck,?
955,Riadh,?
956,Sabine,?
957,Omar,?
958,Marc,?
959,Im̬ne,?
960,In̬s,?
961,Gu̩na��l,?
962,Youn̬s,?
963,Fran̤ois-��lie,?
964,Chantal,?
965,Malika,?
966,Yves,?
967,Gilbert,?
968,Mohamed,?
969,Lionel,?
970,David,?
971,St̩phane,?
972,Raja,?
973,J̩r̫me,?
974,Alain,?
975,Georges,?
976,Marie-Luce,?
977,Guillaume,?
978,Jacques-Henri,?
979,No��l,?
980,David,?
981,Olivier,?
982,Sylvie,?
983,Sylvie,?
984,Alpha,?
985,Ahlame,?
986,Fran̤oise,?
987,Edwin,?
988,Laura,?
989,Alexandrina,?
990,Jean-Pierre,?
991,Trinh,?
992,Thierry,?
993,Thanh-Nghi,?
994,Jean-Daniel,?
995,Fran̤ois,?
996,Brahim,?
997,Cherif,?
998,Yahya,?
999,Mohamed,?
1000,C̩line,?
1001,Fa��za,?
1002,Pascal,?
1003,Talel,?
1004,Raja,?
1005,Georges,?
1006,Jean,?
1007,Lylia,?
1008,Dani̬le,?
1009,Marie,?
1010,Jean-Marc,?
1011,Le,?
1012,Le,?
1013,Pham,?
1014,David,?
1015,Yves,?
1016,Maylis,?
1017,Jean-Philippe,?
1018,Patrick,?
1019,Guy,?
1020,Marie-Aude,?
1021,B̩n̩dicte,?
1022,Michel,?
1023,Alexandre,?
1024,Sergio,?
1025,Marilys,?
1026,Fadi,?
1027,Jean,?
1028,Amedeo,?
1029,Khalid,?
1030,Mustapha,?
1031,Alexandre,?
1032,Marilys,?
1033,Nabil,?
1034,Marc,?
1035,Philippe,?
1036,Rokia,?
1037,Yannick,?
1038,Amedeo,?
1039,Mohamed,?
1040,Mimoun,?
1041,Hans-Hermann,?
1042,Aliou,?
1043,Sabine,?
1044,Georges,?
1045,Alexis,?
1046,Vincent,?
1047,Barbara,?
1048,Alexandre,?
1049,Luigi,?
1050,Romain,?
1051,Bertrand,?
1052,Marc,?
1053,Marc,?
1054,C.,?
1055,Max,?
1056,Andr̩,?
1057,Florence,?
1058,R̩my,?
1059,Omar,?
1060,Pierre,?
1061,Anne,?
1062,Nicolas,?
1063,Valentina,?
1064,Sylvie,?
1065,Marie,?
1066,Yves,?
1067,Guillaume,?
1068,Olivier,?
1069,Tarek,?
1070,Sadok,?
1071,Engelbert,?
1072,Etienne,?
1073,Monique,?
1074,Thierry,?
1075,Eduardo,?
1076,Anne-Marie,?
1077,Didier,?
1078,Fabien,?
1079,Mohand-Said,?
1080,Jean,?
1081,R̩gis,?
1082,Thanh-Nghi,?
1083,Fran̤ois,?
1084,Lylia,?
1085,Mathieu,?
1086,Jes̼s,?
1087,Domingo,?
1088,Dan,?
1089,Hunor,?
1090,Jean-Fran̤ois,?
1091,Ahmed,?
1092,Yves,?
1093,Mohamed,?
1094,Guy,?
1095,Alexandre,?
1096,Zahra,?
1097,Marilys,?
1098,Fabien,?
1099,Edwige,?
1100,Fran̤ois,?
1101,Abdourahamane,?
1102,Yves,?
1103,Brigitte,?
1104,Marie-Aude,?
1105,Nabil,?
1106,Marc,?
1107,Philippe,?
1108,Alain,?
1109,Pierre,?
1110,Christophe,?
1111,Julien,?
1112,Delphine,?
1113,Laure,?
1114,Fr̩d̩ric,?
1115,Cyril,?
1116,Marie-Christine,?
1117,Jean-Yves,?
1118,Alain,?
1119,Jean-Yves,?
1120,Iwona,?
1121,Emmanuel,?
1122,Mounira,?
1123,Pascale,?
1124,Henri,?
1125,Lydia,?
1126,Fran̤ois,?
1127,Amel,?
1128,Za��di,?
1129,Ziad,?
1130,Christine,?
1131,Noura,?
1132,Nac̩ra,?
1133,Najoua,?
1134,Guillaume,?
1135,Max,?
1136,Franck,?
1137,Olivier,?
1138,Martine,?
1139,Pascal,?
1140,Claire,?
1141,Sergio,?
1142,Jean,?
1143,Valentina,?
1144,Sylvie,?
1145,Sylvie,?
1146,Cl̩ment,?
1147,Laurent,?
1148,Thierry,?
1149,Nadjim,?
1150,Karine,?
1151,Thierry,?
1152,Annie,?
1153,Lionel,?
1154,Pascal,?
1155,Fabrice,?
1156,Raja,?
1157,Bruno,?
1158,Georges,?
1159,Fabrice,?
1160,Quang,?
1161,Guillaume,?
1162,Sylvie,?
1163,Stanislas,?
1164,Lionel,?
1165,Christel,?
1166,Irina,?
1167,Djamel,?
1168,Lylia,?
1169,Pierre,?
1170,Dani̬le,?
1171,Michel,?
1172,Filipe,?
1173,Edwin,?
1174,Marie,?
1175,Jean-Marc,?
1176,Laurent,?
1177,Rose,?
1178,Catherine,?
1179,Ahmed,?
1180,J̩r̫me,?
1181,Yves,?
1182,Mohamed,?
1183,S̩bastien,?
1184,Guy,?
1185,Fadoua,?
1186,Abderrahim,?
1187,Siham,?
1188,Driss,?
1189,Hassan,?
1190,Etienne,?
1191,Eugen,?
1192,Pierre,?
1193,S̩bastien,?
1194,��ric,?
1195,Jean-Paul,?
1196,Hicham,?
1197,Brigitte,?
1198,Abdelaziz,?
1199,Rokia,?
1200,Yannick,?
1201,Amedeo,?
1202,Emmanuel,?
1203,Mounira,?
1204,Henri,?
1205,Julien,?
1206,Bertrand,?
1207,Thierry,?
1208,Patrick,?
1209,Aliou,?
1210,Georges,?
1211,Marie-Luce,?
1212,Nicolas,?
1213,Annie,?
1214,Alexandre,?
1215,Philippe,?
1216,Marc,?
1217,Bruno,?
1218,Guillaume,?
1219,Philippe,?
1220,Edwin,?
1221,Christophe,?
1222,Noureddine,?
1223,Laurent,?
1224,Isabelle,?
1225,Fabien,?
1226,Olivier,?
1227,C.,?
1228,Max,?
1229,Andr̩,?
1230,Florence,?
1231,Yves,?
1232,Pascal,?
1233,Nicole,?
1234,Valentina,?
1235,Sylvie,?
1236,Sergiu,?
1237,Brigitte,?
1238,Philippe,?
1239,Vincent,?
1240,G̩rard,?
1241,Fran̤ois,?
1242,Pascal,?
1243,Michel,?
1244,Rapha��l,?
1245,R̩gis,?
1246,Pascal,?
1247,Martine,?
1248,Claire,?
1249,Romain,?
1250,Christian,?
1251,R̩mi,?
1252,Henri,?
1253,Tuyet-Tram,?
1254,Virginie,?
1255,Dominique,?
1256,Filipe,?
1257,Lynne,?
1258,Edwin,?
1259,Rim,?
1260,Amedeo,?
1261,Ahmed,?
1262,Oriane,?
1263,Yves,?
1264,C̩dric,?
1265,Arnaud,?
1266,Ali,?
1267,Rachid,?
1268,Abdenour,?
1269,G̩rard,?
1270,Pascal,?
1271,David,?
1272,Daniel,?
1273,Christophe,?
1274,C̩cile,?
1275,Val̩rie,?
1276,Abdelghani,?
1277,Anand,?
1278,Mohamed,?
1279,Paul,?
1280,Jean-Yves,?
1281,Francesca,?
1282,Livio,?
1283,Iwona,?
1284,Julien,?
1285,Fabrice,?
1286,R̩gis,?
1287,Henri,?
1288,Alexandre,?
1289,Pierre,?
1290,Aliou,?
1291,Georges,?
1292,Marie-Luce,?
1293,Mohand,?
1294,Hamid,?
1295,Mohamed,?
1296,Sarah,?
1297,Christine,?
1298,S̩verine,?
1299,Marc,?
1300,Agn̬s,?
1301,Teddy,?
1302,Martine,?
1303,Joseph,?
1304,Amedeo,?
1305,Annick,?
1306,Marc,?
1307,Oswaldo,?
1308,Nada,?
1309,Jean-Louis,?
1310,Pierre-Antoine,?
1311,Yannick,?
1312,Alain,?
1313,Nadjim,?
1314,Karine,?
1315,Yeow,?
1316,Anne,?
1317,Dominique,?
1318,Pierre,?
1319,Anicet,?
1320,Annie,?
1321,Laure,?
1322,Guillaume,?
1323,Lionel,?
1324,Christel,?
1325,Mireille,?
1326,Fran̤ois,?
1327,Alain,?
1328,Olivier,?
1329,Engelbert,?
1330,Brigitte,?
1331,Xavier,?
1332,Ga��lle,?
1333,Nicolas,?
1334,Juliette,?
1335,Ollivier,?
1336,Eric,?
1337,Thanh-Nghi,?
1338,Fran̤ois,?
1339,Tiphaine,?
1340,Aur̩lien,?
1341,Sylvie,?
1342,Kamel,?
1343,J̩r̫me,?
1344,Le,?
1345,G̩rard,?
1346,Imed,?
1347,Jean-Louis,?
1348,Sebastien,?
1349,Nicolas,?
1350,Christiane,?
1351,Gilles,?
1352,Mohamed,?
1353,J̩r̫me,?
1354,J̩r̫me,?
1355,No��l,?
1356,Mich̬le,?
1357,J̩r̫me,?
1358,Mathieu,?
1359,Jaume,?
1360,Gemma,?
1361,Mohamed,?
1362,Paul,?
1363,Laure,?
1364,Sylvain,?
1365,Laurent,?
1366,Fr̩d̩ric,?
1367,Thierry,?
1368,Patrick,?
1369,Julien,?
1370,Fabrice,?
1371,Francis,?
1372,Henri,?
1373,Mohand,?
1374,Asma,?
1375,Etienne,?
1376,Anne-C̩cile,?
1377,Denis,?
1378,Yves,?
1379,Alain,?
1380,Rosine,?
1381,Lotfi,?
1382,J̩r̩my,?
1383,Djamel,?
1384,Jo��l,?
1385,Christine,?
1386,Christopher,?
1387,Nadine,?
1388,Fabrice,?
1389,Kokou,?
1390,Hermine,?
1391,Patrick,?
1392,Nathalie,?
1393,Fa��za,?
1394,Franck,?
1395,Olivier,?
1396,Gilles,?
1397,Attilio,?
1398,Lorenza,?
1399,V̩ronique,?
1400,Marie-Paule,?
1401,R̩gis,?
1402,Pascale,?
1403,Henri,?
1404,R̩gis,?
1405,Philippe,?
1406,Serge,?
1407,Jacques,?
1408,Hicham,?
1409,Nourdine,?
1410,Jean-Pierre,?
1411,Mohamed,?
1412,Youssef,?
1413,Liming,?
1414,Djamel,?
1415,Fran̤ois-Xavier,?
1416,Mohamed,?
1417,G̩rard,?
1418,S̩bastien,?
1419,Antoine,?
1420,Mich̬le,?
1421,Philippe,?
1422,Jean-Sylvain,?
1423,��rick,?
1424,Ikram,?
1425,Florence,?
1426,Sylvain,?
1427,J̩r̫me,?
1428,Yves,?
1429,Jaume,?
1430,Gemma,?
1431,Jos̩,?
1432,Daniel,?
1433,C̩cile,?
1434,Christophe,?
1435,Mohamed,?
1436,Paul,?
1437,Julien,?
1438,Fabrice,?
1439,Henri,?
1440,Marc,?
1441,Marc,?
1442,Laurent,?
1443,Joost,?
1444,Radboud,?
1445,Bianka,?
1446,Luc,?
1447,Sylvie,?
1448,Christian,?
1449,Jean-Pierre,?
1450,Manuel,?
1451,Matthieu,?
1452,Jean-Fran̤ois,?
1453,Cyrille,?
1454,Youssef,?
1455,Sophie,?
1456,Liming,?
1457,Jean-Hugues,?
1458,Ricco,?
1459,Fran̤ois,?
1460,Nadjim,?
1461,Karine,?
1462,Azedine,?
1463,Cherif,?
1464,Samir,?
1465,Sadok,?
1466,Ali,?
1467,Max,?
1468,Christine,?
1469,Arnaud,?
1470,C̩dric,?
1471,Luc,?
1472,Catherine,?
1473,Andr̩,?
1474,Antoine,?
1475,Philippe,?
1476,Jean-Pierre,?
1477,Jean-Louis,?
1478,Marc,?
1479,Hugues,?
1480,Jean,?
1481,G̩rard,?
1482,Fr̩d̩ric,?
1483,Michel,?
1484,Francky,?
1485,A��cha,?
1486,R̩gis,?
1487,Fabrice,?
1488,Robin,?
1489,Jacques,?
1490,Sylvie,?
1491,Andr̩,?
1492,Pascale,?
1493,Mounira,?
1494,Fran̤ois-Xavier,?
1495,Mohamed,?
1496,Mounir,?
1497,Philippe,?
1498,Jean-Louis,?
1499,Jean-Pierre,?
1500,Thierno,?
1501,Arnaud,?
1502,Fadila,?
1503,Omar,?
1504,Nicolas,?
1505,Gilles,?
1506,Claire,?
1507,Nadia,?
1508,Han̻ne,?
1509,Walid,?
1510,Liming,?
1511,Imed,?
1512,Manuel,?
1513,Nada,?
1514,Isabelle,?
1515,M̩lanie,?
1516,Philippe,?
1517,Edwin,?
1518,Jean-Hugues,?
1519,Ricco,?
1520,Nadjim,?
1521,Karine,?
1522,Max,?
1523,Christine,?
1524,Bertrand,?
1525,Bruno,?
1526,Jean-Jacques,?
1527,Fr̩d̩rique,?
1528,Luc,?
1529,Paul,?
1530,Arnaud,?
1531,Alain,?
1532,Jean-Louis,?
1533,Dominique,?
1534,Fabrice,?
1535,Jacques,?
1536,Pascal,?
1537,Alain-J̩r̫me,?
1538,Nathalie,?
1539,Denis,?
1540,B̩atrice,?
1541,Chirine,?
1542,Pierre,?
1543,Paul,?
1544,R̩gis,?
1545,Pascale,?
1546,Rapha��l,?
1547,Fabrice,?
1548,Sylvie,?
1549,Ali,?
1550,Rim,?
1551,Emmanuel,?
1552,Amedeo,?
1553,Radwan,?
1554,Olivier,?
1555,Michel,?
1556,Fran̤ois-Xavier,?
1557,Mohamed,?
1558,Franck,?
1559,Yves,?
1560,Anne,?
1561,Michel,?
1562,Bruno,?
1563,Francky,?